n;modelName;mean_x;sd_x;sd_epsilon;x0;trueCondMean;h;estimError;computationTime
"50000";"Y = X^2 + epsilon";"5";"2";"0.1";"1";"1";"0.001";"-0.0312434798003495";"0.0200000000186265"
"50000";"Y = X^2 + epsilon";"5";"2";"0.1";"1";"1";"0.002";"-0.0368448276596199";"0.0299999999988358"
"50000";"Y = X^2 + epsilon";"5";"2";"0.1";"1";"1";"0.005";"0.00932430456733924";"0"
"50000";"Y = X^2 + epsilon";"5";"2";"0.1";"1";"1";"0.01";"0.000802569813257881";"0"
"50000";"Y = X^2 + epsilon";"5";"2";"0.1";"1";"1";"0.02";"-0.00609117197217535";"0"
"50000";"Y = X^2 + epsilon";"5";"2";"0.1";"1";"1";"0.05";"0.00764121846281696";"0"
"50000";"Y = X^2 + epsilon";"5";"2";"0.1";"1";"1";"0.1";"0.0422874602633561";"0.0100000000093132"
"50000";"Y = X^2 + epsilon";"5";"2";"0.1";"1";"1";"0.2";"0.123306658766266";"0"
"50000";"Y = X^2 + epsilon";"5";"2";"0.1";"1";"1";"0.5";"0.744704947244849";"0.0100000000093132"
"50000";"Y = X^2 + epsilon";"5";"2";"0.1";"1";"1";"0.001";"0.115828596324291";"0"
"50000";"Y = X^2 + epsilon";"5";"2";"0.1";"1";"1";"0.002";"-0.000473667855837023";"0"
"50000";"Y = X^2 + epsilon";"5";"2";"0.1";"1";"1";"0.005";"0.0109046319945496";"0"
"50000";"Y = X^2 + epsilon";"5";"2";"0.1";"1";"1";"0.01";"-0.0190295393286056";"0"
"50000";"Y = X^2 + epsilon";"5";"2";"0.1";"1";"1";"0.02";"-0.00625487902691413";"0"
"50000";"Y = X^2 + epsilon";"5";"2";"0.1";"1";"1";"0.05";"0.00216140848240509";"0"
"50000";"Y = X^2 + epsilon";"5";"2";"0.1";"1";"1";"0.1";"0.0335375083264795";"0"
"50000";"Y = X^2 + epsilon";"5";"2";"0.1";"1";"1";"0.2";"0.119355930348262";"0"
"50000";"Y = X^2 + epsilon";"5";"2";"0.1";"1";"1";"0.5";"0.776891228879185";"0"
"50000";"Y = X^2 + epsilon";"5";"2";"0.1";"1";"1";"0.001";"-0.0233203099646164";"0"
"50000";"Y = X^2 + epsilon";"5";"2";"0.1";"1";"1";"0.002";"-0.00232907350597089";"0"
"50000";"Y = X^2 + epsilon";"5";"2";"0.1";"1";"1";"0.005";"0.00846401944269082";"0"
"50000";"Y = X^2 + epsilon";"5";"2";"0.1";"1";"1";"0.01";"-0.018621139831449";"0"
"50000";"Y = X^2 + epsilon";"5";"2";"0.1";"1";"1";"0.02";"0.0024538647983221";"0"
"50000";"Y = X^2 + epsilon";"5";"2";"0.1";"1";"1";"0.05";"0.00446468528055632";"0"
"50000";"Y = X^2 + epsilon";"5";"2";"0.1";"1";"1";"0.1";"0.0165628425508437";"0"
"50000";"Y = X^2 + epsilon";"5";"2";"0.1";"1";"1";"0.2";"0.108538506036302";"0.0199999999895226"
"50000";"Y = X^2 + epsilon";"5";"2";"0.1";"1";"1";"0.5";"0.762183884935558";"0.0100000000093132"
"50000";"Y = X^2 + epsilon";"5";"2";"0.1";"1";"1";"0.001";"0.0460585877064357";"0"
"50000";"Y = X^2 + epsilon";"5";"2";"0.1";"1";"1";"0.002";"0.0386198799874147";"0"
"50000";"Y = X^2 + epsilon";"5";"2";"0.1";"1";"1";"0.005";"0.0152512016388042";"0"
"50000";"Y = X^2 + epsilon";"5";"2";"0.1";"1";"1";"0.01";"-0.00608197113917541";"0"
"50000";"Y = X^2 + epsilon";"5";"2";"0.1";"1";"1";"0.02";"-0.00152983051376709";"0"
"50000";"Y = X^2 + epsilon";"5";"2";"0.1";"1";"1";"0.05";"0.0128497234476637";"0"
"50000";"Y = X^2 + epsilon";"5";"2";"0.1";"1";"1";"0.1";"0.0401816604436773";"0"
"50000";"Y = X^2 + epsilon";"5";"2";"0.1";"1";"1";"0.2";"0.123297112206518";"0"
"50000";"Y = X^2 + epsilon";"5";"2";"0.1";"1";"1";"0.5";"0.77067293412183";"0.0100000000093132"
"50000";"Y = X^2 + epsilon";"5";"2";"0.1";"1";"1";"0.001";"0.0836723990754888";"0"
"50000";"Y = X^2 + epsilon";"5";"2";"0.1";"1";"1";"0.002";"-0.0472720552819377";"0"
"50000";"Y = X^2 + epsilon";"5";"2";"0.1";"1";"1";"0.005";"0.0181640631758127";"0"
"50000";"Y = X^2 + epsilon";"5";"2";"0.1";"1";"1";"0.01";"0.00538115174579801";"0"
"50000";"Y = X^2 + epsilon";"5";"2";"0.1";"1";"1";"0.02";"-0.00102744340655014";"0"
"50000";"Y = X^2 + epsilon";"5";"2";"0.1";"1";"1";"0.05";"0.0160799899990924";"0"
"50000";"Y = X^2 + epsilon";"5";"2";"0.1";"1";"1";"0.1";"0.0329070883760643";"0"
"50000";"Y = X^2 + epsilon";"5";"2";"0.1";"1";"1";"0.2";"0.131078410179502";"0"
"50000";"Y = X^2 + epsilon";"5";"2";"0.1";"1";"1";"0.5";"0.742245472293833";"0"
"50000";"Y = X^2 + epsilon";"5";"2";"0.1";"1";"1";"0.001";"-0.0033359729111434";"0"
"50000";"Y = X^2 + epsilon";"5";"2";"0.1";"1";"1";"0.002";"-0.0113866292051878";"0"
"50000";"Y = X^2 + epsilon";"5";"2";"0.1";"1";"1";"0.005";"-0.013051701453528";"0"
"50000";"Y = X^2 + epsilon";"5";"2";"0.1";"1";"1";"0.01";"0.003804115040559";"0"
"50000";"Y = X^2 + epsilon";"5";"2";"0.1";"1";"1";"0.02";"-0.00885138776339378";"0"
"50000";"Y = X^2 + epsilon";"5";"2";"0.1";"1";"1";"0.05";"0.0126781394534119";"0"
"50000";"Y = X^2 + epsilon";"5";"2";"0.1";"1";"1";"0.1";"0.0318194923186204";"0"
"50000";"Y = X^2 + epsilon";"5";"2";"0.1";"1";"1";"0.2";"0.11293341712129";"0"
"50000";"Y = X^2 + epsilon";"5";"2";"0.1";"1";"1";"0.5";"0.760141370164026";"0"
"50000";"Y = X^2 + epsilon";"5";"2";"0.1";"1";"1";"0.001";"0.0482966770943971";"0.0199999999895226"
"50000";"Y = X^2 + epsilon";"5";"2";"0.1";"1";"1";"0.002";"0.0474488340087025";"0"
"50000";"Y = X^2 + epsilon";"5";"2";"0.1";"1";"1";"0.005";"0.0134300239349423";"0.0200000000186265"
"50000";"Y = X^2 + epsilon";"5";"2";"0.1";"1";"1";"0.01";"0.0106098370163754";"0"
"50000";"Y = X^2 + epsilon";"5";"2";"0.1";"1";"1";"0.02";"-0.000233366770447052";"0"
"50000";"Y = X^2 + epsilon";"5";"2";"0.1";"1";"1";"0.05";"0.00944272080648045";"0"
"50000";"Y = X^2 + epsilon";"5";"2";"0.1";"1";"1";"0.1";"0.0144004917381795";"0"
"50000";"Y = X^2 + epsilon";"5";"2";"0.1";"1";"1";"0.2";"0.128917529716929";"0"
"50000";"Y = X^2 + epsilon";"5";"2";"0.1";"1";"1";"0.5";"0.746959242570379";"0"
"50000";"Y = X^2 + epsilon";"5";"2";"0.1";"1";"1";"0.001";"-0.0321121135114099";"0"
"50000";"Y = X^2 + epsilon";"5";"2";"0.1";"1";"1";"0.002";"0.0314317941867257";"0"
"50000";"Y = X^2 + epsilon";"5";"2";"0.1";"1";"1";"0.005";"-0.00449112537750773";"0"
"50000";"Y = X^2 + epsilon";"5";"2";"0.1";"1";"1";"0.01";"0.0309087909558901";"0"
"50000";"Y = X^2 + epsilon";"5";"2";"0.1";"1";"1";"0.02";"-0.012643195443214";"0"
"50000";"Y = X^2 + epsilon";"5";"2";"0.1";"1";"1";"0.05";"0.00202631726178382";"0"
"50000";"Y = X^2 + epsilon";"5";"2";"0.1";"1";"1";"0.1";"0.0335894144750011";"0"
"50000";"Y = X^2 + epsilon";"5";"2";"0.1";"1";"1";"0.2";"0.13087750667273";"0"
"50000";"Y = X^2 + epsilon";"5";"2";"0.1";"1";"1";"0.5";"0.731101928474447";"0"
"50000";"Y = X^2 + epsilon";"5";"2";"0.1";"1";"1";"0.001";"0.0875791653228091";"0"
"50000";"Y = X^2 + epsilon";"5";"2";"0.1";"1";"1";"0.002";"-0.0591178189277262";"0"
"50000";"Y = X^2 + epsilon";"5";"2";"0.1";"1";"1";"0.005";"-0.0172338663725424";"0"
"50000";"Y = X^2 + epsilon";"5";"2";"0.1";"1";"1";"0.01";"-7.28571660491006e-05";"0.0200000000186265"
"50000";"Y = X^2 + epsilon";"5";"2";"0.1";"1";"1";"0.02";"-0.00694299135793408";"0"
"50000";"Y = X^2 + epsilon";"5";"2";"0.1";"1";"1";"0.05";"0.00554635591870034";"0"
"50000";"Y = X^2 + epsilon";"5";"2";"0.1";"1";"1";"0.1";"0.0290901474807939";"0"
"50000";"Y = X^2 + epsilon";"5";"2";"0.1";"1";"1";"0.2";"0.14510222190508";"0"
"50000";"Y = X^2 + epsilon";"5";"2";"0.1";"1";"1";"0.5";"0.755180853352789";"0"
"50000";"Y = X^2 + epsilon";"5";"2";"0.1";"1";"1";"0.001";"0.0099985137606402";"0"
"50000";"Y = X^2 + epsilon";"5";"2";"0.1";"1";"1";"0.002";"0.010951992203623";"0.0199999999895226"
"50000";"Y = X^2 + epsilon";"5";"2";"0.1";"1";"1";"0.005";"-0.0337919161386298";"0"
"50000";"Y = X^2 + epsilon";"5";"2";"0.1";"1";"1";"0.01";"-0.00210052273715633";"0"
"50000";"Y = X^2 + epsilon";"5";"2";"0.1";"1";"1";"0.02";"-0.022549246301113";"0"
"50000";"Y = X^2 + epsilon";"5";"2";"0.1";"1";"1";"0.05";"0.00293154190194511";"0"
"50000";"Y = X^2 + epsilon";"5";"2";"0.1";"1";"1";"0.1";"0.0379019254267317";"0"
"50000";"Y = X^2 + epsilon";"5";"2";"0.1";"1";"1";"0.2";"0.111507393466034";"0"
"50000";"Y = X^2 + epsilon";"5";"2";"0.1";"1";"1";"0.5";"0.719559441292897";"0"
"50000";"Y = X^2 + epsilon";"5";"2";"0.1";"1";"1";"0.001";"-0.0283388316821007";"0"
"50000";"Y = X^2 + epsilon";"5";"2";"0.1";"1";"1";"0.002";"-0.00574203558020292";"0"
"50000";"Y = X^2 + epsilon";"5";"2";"0.1";"1";"1";"0.005";"0.00280365407440808";"0"
"50000";"Y = X^2 + epsilon";"5";"2";"0.1";"1";"1";"0.01";"-0.02516363455226";"0"
"50000";"Y = X^2 + epsilon";"5";"2";"0.1";"1";"1";"0.02";"-0.00476690713020667";"0"
"50000";"Y = X^2 + epsilon";"5";"2";"0.1";"1";"1";"0.05";"-0.00436543071844042";"0.0200000000186265"
"50000";"Y = X^2 + epsilon";"5";"2";"0.1";"1";"1";"0.1";"0.0368323069223486";"0.0099999999802094"
"50000";"Y = X^2 + epsilon";"5";"2";"0.1";"1";"1";"0.2";"0.113074463362574";"0"
"50000";"Y = X^2 + epsilon";"5";"2";"0.1";"1";"1";"0.5";"0.768690627441241";"0.0199999999895226"
"50000";"Y = X^2 + epsilon";"5";"2";"0.1";"1";"1";"0.001";"0.0129808172728016";"0"
"50000";"Y = X^2 + epsilon";"5";"2";"0.1";"1";"1";"0.002";"0.00690219239148182";"0"
"50000";"Y = X^2 + epsilon";"5";"2";"0.1";"1";"1";"0.005";"0.0207948330742289";"0"
"50000";"Y = X^2 + epsilon";"5";"2";"0.1";"1";"1";"0.01";"0.0149041781510868";"0"
"50000";"Y = X^2 + epsilon";"5";"2";"0.1";"1";"1";"0.02";"-0.00489176516459333";"0.0199999999895226"
"50000";"Y = X^2 + epsilon";"5";"2";"0.1";"1";"1";"0.05";"0.000602362330977435";"0"
"50000";"Y = X^2 + epsilon";"5";"2";"0.1";"1";"1";"0.1";"0.0138208401784126";"0"
"50000";"Y = X^2 + epsilon";"5";"2";"0.1";"1";"1";"0.2";"0.0955504172524659";"0"
"50000";"Y = X^2 + epsilon";"5";"2";"0.1";"1";"1";"0.5";"0.755195689463073";"0"
"50000";"Y = X^2 + epsilon";"5";"2";"0.1";"1";"1";"0.001";"0.115250199334551";"0"
"50000";"Y = X^2 + epsilon";"5";"2";"0.1";"1";"1";"0.002";"-0.0402854629470674";"0"
"50000";"Y = X^2 + epsilon";"5";"2";"0.1";"1";"1";"0.005";"-0.00842389076316608";"0.0099999999802094"
"50000";"Y = X^2 + epsilon";"5";"2";"0.1";"1";"1";"0.01";"-0.00463413003664193";"0"
"50000";"Y = X^2 + epsilon";"5";"2";"0.1";"1";"1";"0.02";"0.0310676334437368";"0"
"50000";"Y = X^2 + epsilon";"5";"2";"0.1";"1";"1";"0.05";"0.00177747084120705";"0"
"50000";"Y = X^2 + epsilon";"5";"2";"0.1";"1";"1";"0.1";"0.0392844790595583";"0"
"50000";"Y = X^2 + epsilon";"5";"2";"0.1";"1";"1";"0.2";"0.118842623739362";"0"
"50000";"Y = X^2 + epsilon";"5";"2";"0.1";"1";"1";"0.5";"0.779780251225195";"0"
"50000";"Y = X^2 + epsilon";"5";"2";"0.1";"1";"1";"0.001";"0.101705087147619";"0"
"50000";"Y = X^2 + epsilon";"5";"2";"0.1";"1";"1";"0.002";"-0.0375834614966428";"0"
"50000";"Y = X^2 + epsilon";"5";"2";"0.1";"1";"1";"0.005";"-0.0315937114035137";"0"
"50000";"Y = X^2 + epsilon";"5";"2";"0.1";"1";"1";"0.01";"-0.00904074646105335";"0"
"50000";"Y = X^2 + epsilon";"5";"2";"0.1";"1";"1";"0.02";"0.00790997922572578";"0"
"50000";"Y = X^2 + epsilon";"5";"2";"0.1";"1";"1";"0.05";"0.00689323219548199";"0"
"50000";"Y = X^2 + epsilon";"5";"2";"0.1";"1";"1";"0.1";"0.0193003367652758";"0"
"50000";"Y = X^2 + epsilon";"5";"2";"0.1";"1";"1";"0.2";"0.145325127276011";"0"
"50000";"Y = X^2 + epsilon";"5";"2";"0.1";"1";"1";"0.5";"0.783377354932836";"0"
"50000";"Y = X^2 + epsilon";"5";"2";"0.1";"1";"1";"0.001";"0.0175518695580581";"0"
"50000";"Y = X^2 + epsilon";"5";"2";"0.1";"1";"1";"0.002";"0.00947693373347702";"0"
"50000";"Y = X^2 + epsilon";"5";"2";"0.1";"1";"1";"0.005";"0.0251705233169801";"0"
"50000";"Y = X^2 + epsilon";"5";"2";"0.1";"1";"1";"0.01";"-0.0308043910599112";"0"
"50000";"Y = X^2 + epsilon";"5";"2";"0.1";"1";"1";"0.02";"-0.00190171173558451";"0"
"50000";"Y = X^2 + epsilon";"5";"2";"0.1";"1";"1";"0.05";"0.0111112424177913";"0"
"50000";"Y = X^2 + epsilon";"5";"2";"0.1";"1";"1";"0.1";"0.0175282930294887";"0"
"50000";"Y = X^2 + epsilon";"5";"2";"0.1";"1";"1";"0.2";"0.123485571339855";"0"
"50000";"Y = X^2 + epsilon";"5";"2";"0.1";"1";"1";"0.5";"0.775716829397582";"0.0100000000093132"
"50000";"Y = X^2 + epsilon";"5";"2";"0.1";"1";"1";"0.001";"0.0366879788282666";"0"
"50000";"Y = X^2 + epsilon";"5";"2";"0.1";"1";"1";"0.002";"-0.00728293924778445";"0"
"50000";"Y = X^2 + epsilon";"5";"2";"0.1";"1";"1";"0.005";"0.000746985408039524";"0"
"50000";"Y = X^2 + epsilon";"5";"2";"0.1";"1";"1";"0.01";"0.0203127742666687";"0"
"50000";"Y = X^2 + epsilon";"5";"2";"0.1";"1";"1";"0.02";"-0.00549581247402409";"0"
"50000";"Y = X^2 + epsilon";"5";"2";"0.1";"1";"1";"0.05";"0.000173821484305892";"0"
"50000";"Y = X^2 + epsilon";"5";"2";"0.1";"1";"1";"0.1";"0.0336963709219231";"0"
"50000";"Y = X^2 + epsilon";"5";"2";"0.1";"1";"1";"0.2";"0.0976655647463835";"0"
"50000";"Y = X^2 + epsilon";"5";"2";"0.1";"1";"1";"0.5";"0.755744111357445";"0"
"50000";"Y = X^2 + epsilon";"5";"2";"0.1";"1";"1";"0.001";"0.0269233782963985";"0"
"50000";"Y = X^2 + epsilon";"5";"2";"0.1";"1";"1";"0.002";"-0.0135140711857532";"0"
"50000";"Y = X^2 + epsilon";"5";"2";"0.1";"1";"1";"0.005";"0.00706523906890633";"0"
"50000";"Y = X^2 + epsilon";"5";"2";"0.1";"1";"1";"0.01";"0.00993993493751577";"0"
"50000";"Y = X^2 + epsilon";"5";"2";"0.1";"1";"1";"0.02";"-0.00673275948650498";"0"
"50000";"Y = X^2 + epsilon";"5";"2";"0.1";"1";"1";"0.05";"-0.00154108575302447";"0"
"50000";"Y = X^2 + epsilon";"5";"2";"0.1";"1";"1";"0.1";"0.0319617683143685";"0"
"50000";"Y = X^2 + epsilon";"5";"2";"0.1";"1";"1";"0.2";"0.133595066983972";"0"
"50000";"Y = X^2 + epsilon";"5";"2";"0.1";"1";"1";"0.5";"0.760606467717519";"0"
"50000";"Y = X^2 + epsilon";"5";"2";"0.1";"1";"1";"0.001";"0.0471387152687102";"0.0199999999895226"
"50000";"Y = X^2 + epsilon";"5";"2";"0.1";"1";"1";"0.002";"0.0185200183678924";"0"
"50000";"Y = X^2 + epsilon";"5";"2";"0.1";"1";"1";"0.005";"0.0317948029948498";"0"
"50000";"Y = X^2 + epsilon";"5";"2";"0.1";"1";"1";"0.01";"-0.00890085105793814";"0"
"50000";"Y = X^2 + epsilon";"5";"2";"0.1";"1";"1";"0.02";"0.00968371318303607";"0"
"50000";"Y = X^2 + epsilon";"5";"2";"0.1";"1";"1";"0.05";"-0.00584774276990907";"0.0199999999895226"
"50000";"Y = X^2 + epsilon";"5";"2";"0.1";"1";"1";"0.1";"0.0131796464884495";"0"
"50000";"Y = X^2 + epsilon";"5";"2";"0.1";"1";"1";"0.2";"0.126135212042579";"0"
"50000";"Y = X^2 + epsilon";"5";"2";"0.1";"1";"1";"0.5";"0.764561813772873";"0"
"50000";"Y = X^2 + epsilon";"5";"2";"0.1";"1";"1";"0.001";"-0.0638406904427683";"0"
"50000";"Y = X^2 + epsilon";"5";"2";"0.1";"1";"1";"0.002";"0.00626102852416643";"0"
"50000";"Y = X^2 + epsilon";"5";"2";"0.1";"1";"1";"0.005";"0.0109230398696789";"0"
"50000";"Y = X^2 + epsilon";"5";"2";"0.1";"1";"1";"0.01";"0.0045033041734388";"0"
"50000";"Y = X^2 + epsilon";"5";"2";"0.1";"1";"1";"0.02";"-0.0175018427371331";"0"
"50000";"Y = X^2 + epsilon";"5";"2";"0.1";"1";"1";"0.05";"-0.000238515602763334";"0.0199999999895226"
"50000";"Y = X^2 + epsilon";"5";"2";"0.1";"1";"1";"0.1";"0.0490912641496084";"0"
"50000";"Y = X^2 + epsilon";"5";"2";"0.1";"1";"1";"0.2";"0.103188700737582";"0"
"50000";"Y = X^2 + epsilon";"5";"2";"0.1";"1";"1";"0.5";"0.774891434252162";"0"
"50000";"Y = X^2 + epsilon";"5";"2";"0.1";"1";"1";"0.001";"-0.0246960962525347";"0.0199999999895226"
"50000";"Y = X^2 + epsilon";"5";"2";"0.1";"1";"1";"0.002";"0.0100923575550513";"0.0100000000093132"
"50000";"Y = X^2 + epsilon";"5";"2";"0.1";"1";"1";"0.005";"0.0150079658658979";"0"
"50000";"Y = X^2 + epsilon";"5";"2";"0.1";"1";"1";"0.01";"0.0130533687724859";"0"
"50000";"Y = X^2 + epsilon";"5";"2";"0.1";"1";"1";"0.02";"-0.00669939580949541";"0"
"50000";"Y = X^2 + epsilon";"5";"2";"0.1";"1";"1";"0.05";"0.00643997932446561";"0"
"50000";"Y = X^2 + epsilon";"5";"2";"0.1";"1";"1";"0.1";"0.0367930874863784";"0"
"50000";"Y = X^2 + epsilon";"5";"2";"0.1";"1";"1";"0.2";"0.115350911993068";"0"
"50000";"Y = X^2 + epsilon";"5";"2";"0.1";"1";"1";"0.5";"0.750682800343004";"0"
"50000";"Y = X^2 + epsilon";"5";"2";"0.1";"1";"1";"0.001";"0.0652205528210523";"0"
"50000";"Y = X^2 + epsilon";"5";"2";"0.1";"1";"1";"0.002";"0.0188704581591386";"0.0099999999802094"
"50000";"Y = X^2 + epsilon";"5";"2";"0.1";"1";"1";"0.005";"0.0150896919768886";"0.0200000000186265"
"50000";"Y = X^2 + epsilon";"5";"2";"0.1";"1";"1";"0.01";"0.00682885576167425";"0"
"50000";"Y = X^2 + epsilon";"5";"2";"0.1";"1";"1";"0.02";"0.0103585078185742";"0"
"50000";"Y = X^2 + epsilon";"5";"2";"0.1";"1";"1";"0.05";"0.00102060579602625";"0"
"50000";"Y = X^2 + epsilon";"5";"2";"0.1";"1";"1";"0.1";"0.0257050457309482";"0"
"50000";"Y = X^2 + epsilon";"5";"2";"0.1";"1";"1";"0.2";"0.115624953694705";"0"
"50000";"Y = X^2 + epsilon";"5";"2";"0.1";"1";"1";"0.5";"0.784647422127535";"0"
"50000";"Y = X^2 + epsilon";"5";"2";"0.1";"1";"1";"0.001";"-0.0348154849445648";"0"
"50000";"Y = X^2 + epsilon";"5";"2";"0.1";"1";"1";"0.002";"0.0572252218329681";"0"
"50000";"Y = X^2 + epsilon";"5";"2";"0.1";"1";"1";"0.005";"-0.0164695891097101";"0"
"50000";"Y = X^2 + epsilon";"5";"2";"0.1";"1";"1";"0.01";"-0.00492507071613824";"0"
"50000";"Y = X^2 + epsilon";"5";"2";"0.1";"1";"1";"0.02";"-0.0146226048462237";"0.0199999999895226"
"50000";"Y = X^2 + epsilon";"5";"2";"0.1";"1";"1";"0.05";"0.0132362695588013";"0.0200000000186265"
"50000";"Y = X^2 + epsilon";"5";"2";"0.1";"1";"1";"0.1";"0.0345985282937522";"0.0299999999988358"
"50000";"Y = X^2 + epsilon";"5";"2";"0.1";"1";"1";"0.2";"0.136621787103215";"0"
"50000";"Y = X^2 + epsilon";"5";"2";"0.1";"1";"1";"0.5";"0.746205524298954";"0.0200000000186265"
"50000";"Y = X^2 + epsilon";"5";"2";"0.1";"1";"1";"0.001";"-0.0636109746587199";"0"
"50000";"Y = X^2 + epsilon";"5";"2";"0.1";"1";"1";"0.002";"0.0136345811870298";"0"
"50000";"Y = X^2 + epsilon";"5";"2";"0.1";"1";"1";"0.005";"0.0157952568048758";"0.0199999999895226"
"50000";"Y = X^2 + epsilon";"5";"2";"0.1";"1";"1";"0.01";"0.00460225657467705";"0"
"50000";"Y = X^2 + epsilon";"5";"2";"0.1";"1";"1";"0.02";"0.0125768532980959";"0"
"50000";"Y = X^2 + epsilon";"5";"2";"0.1";"1";"1";"0.05";"0.00435641580407475";"0"
"50000";"Y = X^2 + epsilon";"5";"2";"0.1";"1";"1";"0.1";"0.0320616921811403";"0"
"50000";"Y = X^2 + epsilon";"5";"2";"0.1";"1";"1";"0.2";"0.132690535429835";"0"
"50000";"Y = X^2 + epsilon";"5";"2";"0.1";"1";"1";"0.5";"0.753618045399384";"0.0100000000093132"
"50000";"Y = X^2 + epsilon";"5";"2";"0.1";"1";"1";"0.001";"-0.0394235903702702";"0"
"50000";"Y = X^2 + epsilon";"5";"2";"0.1";"1";"1";"0.002";"0.0616424273049563";"0"
"50000";"Y = X^2 + epsilon";"5";"2";"0.1";"1";"1";"0.005";"0.0271971434716758";"0"
"50000";"Y = X^2 + epsilon";"5";"2";"0.1";"1";"1";"0.01";"0.00414952276184644";"0"
"50000";"Y = X^2 + epsilon";"5";"2";"0.1";"1";"1";"0.02";"-0.00755864317284982";"0"
"50000";"Y = X^2 + epsilon";"5";"2";"0.1";"1";"1";"0.05";"0.0118302550303033";"0"
"50000";"Y = X^2 + epsilon";"5";"2";"0.1";"1";"1";"0.1";"0.053203608787338";"0"
"50000";"Y = X^2 + epsilon";"5";"2";"0.1";"1";"1";"0.2";"0.127239143319446";"0.0099999999802094"
"50000";"Y = X^2 + epsilon";"5";"2";"0.1";"1";"1";"0.5";"0.772380519167178";"0.0200000000186265"
"50000";"Y = X^2 + epsilon";"5";"2";"0.1";"1";"1";"0.001";"0.0310152601248539";"0"
"50000";"Y = X^2 + epsilon";"5";"2";"0.1";"1";"1";"0.002";"-0.0417037690721784";"0"
"50000";"Y = X^2 + epsilon";"5";"2";"0.1";"1";"1";"0.005";"0.0298948662331546";"0"
"50000";"Y = X^2 + epsilon";"5";"2";"0.1";"1";"1";"0.01";"-0.0137419941432999";"0"
"50000";"Y = X^2 + epsilon";"5";"2";"0.1";"1";"1";"0.02";"-0.000529130369696373";"0.0100000000093132"
"50000";"Y = X^2 + epsilon";"5";"2";"0.1";"1";"1";"0.05";"0.0196912726199794";"0"
"50000";"Y = X^2 + epsilon";"5";"2";"0.1";"1";"1";"0.1";"0.0262208734701701";"0"
"50000";"Y = X^2 + epsilon";"5";"2";"0.1";"1";"1";"0.2";"0.114805488945464";"0"
"50000";"Y = X^2 + epsilon";"5";"2";"0.1";"1";"1";"0.5";"0.775607746729478";"0.0100000000093132"
"50000";"Y = X^2 + epsilon";"5";"2";"0.1";"1";"1";"0.001";"-0.0207979856964742";"0"
"50000";"Y = X^2 + epsilon";"5";"2";"0.1";"1";"1";"0.002";"0.0757153584370931";"0"
"50000";"Y = X^2 + epsilon";"5";"2";"0.1";"1";"1";"0.005";"0.0232635944438766";"0"
"50000";"Y = X^2 + epsilon";"5";"2";"0.1";"1";"1";"0.01";"-0.00139584726141806";"0"
"50000";"Y = X^2 + epsilon";"5";"2";"0.1";"1";"1";"0.02";"-0.00717931009197226";"0"
"50000";"Y = X^2 + epsilon";"5";"2";"0.1";"1";"1";"0.05";"0.00702640003703991";"0"
"50000";"Y = X^2 + epsilon";"5";"2";"0.1";"1";"1";"0.1";"0.013792577995531";"0"
"50000";"Y = X^2 + epsilon";"5";"2";"0.1";"1";"1";"0.2";"0.129169359174028";"0"
"50000";"Y = X^2 + epsilon";"5";"2";"0.1";"1";"1";"0.5";"0.736605212636911";"0"
"50000";"Y = X^2 + epsilon";"5";"2";"0.1";"1";"1";"0.001";"-0.0047221713860196";"0"
"50000";"Y = X^2 + epsilon";"5";"2";"0.1";"1";"1";"0.002";"0.0341519362855218";"0"
"50000";"Y = X^2 + epsilon";"5";"2";"0.1";"1";"1";"0.005";"-0.0401940688621579";"0"
"50000";"Y = X^2 + epsilon";"5";"2";"0.1";"1";"1";"0.01";"0.0114335840500737";"0"
"50000";"Y = X^2 + epsilon";"5";"2";"0.1";"1";"1";"0.02";"-0.00336683407372906";"0"
"50000";"Y = X^2 + epsilon";"5";"2";"0.1";"1";"1";"0.05";"0.0151333195794776";"0"
"50000";"Y = X^2 + epsilon";"5";"2";"0.1";"1";"1";"0.1";"0.0306288012733291";"0"
"50000";"Y = X^2 + epsilon";"5";"2";"0.1";"1";"1";"0.2";"0.140969813065289";"0"
"50000";"Y = X^2 + epsilon";"5";"2";"0.1";"1";"1";"0.5";"0.741163347604072";"0"
"50000";"Y = X^2 + epsilon";"5";"2";"0.1";"1";"1";"0.001";"0.00454274902155838";"0"
"50000";"Y = X^2 + epsilon";"5";"2";"0.1";"1";"1";"0.002";"-0.00461896525161354";"0"
"50000";"Y = X^2 + epsilon";"5";"2";"0.1";"1";"1";"0.005";"0.00663868092832365";"0"
"50000";"Y = X^2 + epsilon";"5";"2";"0.1";"1";"1";"0.01";"-0.00396804026984232";"0"
"50000";"Y = X^2 + epsilon";"5";"2";"0.1";"1";"1";"0.02";"-0.00984041747328834";"0"
"50000";"Y = X^2 + epsilon";"5";"2";"0.1";"1";"1";"0.05";"0.012832224357983";"0"
"50000";"Y = X^2 + epsilon";"5";"2";"0.1";"1";"1";"0.1";"0.0269004002192492";"0"
"50000";"Y = X^2 + epsilon";"5";"2";"0.1";"1";"1";"0.2";"0.0977334297112433";"0"
"50000";"Y = X^2 + epsilon";"5";"2";"0.1";"1";"1";"0.5";"0.742908566347616";"0"
"50000";"Y = X^2 + epsilon";"5";"2";"0.1";"1";"1";"0.001";"-0.0245589229773508";"0"
"50000";"Y = X^2 + epsilon";"5";"2";"0.1";"1";"1";"0.002";"0.00740595787750453";"0.0100000000093132"
"50000";"Y = X^2 + epsilon";"5";"2";"0.1";"1";"1";"0.005";"-0.0266079796551602";"0.0199999999895226"
"50000";"Y = X^2 + epsilon";"5";"2";"0.1";"1";"1";"0.01";"-0.0117160088987397";"0"
"50000";"Y = X^2 + epsilon";"5";"2";"0.1";"1";"1";"0.02";"-0.0168016362210832";"0"
"50000";"Y = X^2 + epsilon";"5";"2";"0.1";"1";"1";"0.05";"0.0243861045729288";"0"
"50000";"Y = X^2 + epsilon";"5";"2";"0.1";"1";"1";"0.1";"0.024132374106721";"0"
"50000";"Y = X^2 + epsilon";"5";"2";"0.1";"1";"1";"0.2";"0.122639804130888";"0.0199999999895226"
"50000";"Y = X^2 + epsilon";"5";"2";"0.1";"1";"1";"0.5";"0.74501615532543";"0.0100000000093132"
"50000";"Y = X^2 + epsilon";"5";"2";"0.1";"1";"1";"0.001";"-0.033652740202618";"0"
"50000";"Y = X^2 + epsilon";"5";"2";"0.1";"1";"1";"0.002";"0.0525192514838975";"0"
"50000";"Y = X^2 + epsilon";"5";"2";"0.1";"1";"1";"0.005";"0.000910946268485979";"0"
"50000";"Y = X^2 + epsilon";"5";"2";"0.1";"1";"1";"0.01";"-0.0126011117387311";"0"
"50000";"Y = X^2 + epsilon";"5";"2";"0.1";"1";"1";"0.02";"0.0083939005776712";"0"
"50000";"Y = X^2 + epsilon";"5";"2";"0.1";"1";"1";"0.05";"0.0174979893546816";"0"
"50000";"Y = X^2 + epsilon";"5";"2";"0.1";"1";"1";"0.1";"0.0379823657173188";"0"
"50000";"Y = X^2 + epsilon";"5";"2";"0.1";"1";"1";"0.2";"0.123256489562259";"0"
"50000";"Y = X^2 + epsilon";"5";"2";"0.1";"1";"1";"0.5";"0.761108666331514";"0"
"50000";"Y = X^2 + epsilon";"5";"2";"0.1";"1";"1";"0.001";"0.0653519634554096";"0"
"50000";"Y = X^2 + epsilon";"5";"2";"0.1";"1";"1";"0.002";"0.0540270243513021";"0"
"50000";"Y = X^2 + epsilon";"5";"2";"0.1";"1";"1";"0.005";"-0.046410148406817";"0"
"50000";"Y = X^2 + epsilon";"5";"2";"0.1";"1";"1";"0.01";"0.0409845560749278";"0"
"50000";"Y = X^2 + epsilon";"5";"2";"0.1";"1";"1";"0.02";"-0.0109624673705359";"0"
"50000";"Y = X^2 + epsilon";"5";"2";"0.1";"1";"1";"0.05";"0.0114668657214057";"0"
"50000";"Y = X^2 + epsilon";"5";"2";"0.1";"1";"1";"0.1";"0.0165615823082785";"0"
"50000";"Y = X^2 + epsilon";"5";"2";"0.1";"1";"1";"0.2";"0.132120815503194";"0.0199999999895226"
"50000";"Y = X^2 + epsilon";"5";"2";"0.1";"1";"1";"0.5";"0.780130688784544";"0"
"50000";"Y = X^2 + epsilon";"5";"2";"0.1";"1";"1";"0.001";"-0.0280771835579648";"0"
"50000";"Y = X^2 + epsilon";"5";"2";"0.1";"1";"1";"0.002";"-0.0128980820554008";"0"
"50000";"Y = X^2 + epsilon";"5";"2";"0.1";"1";"1";"0.005";"-0.00565888649509927";"0"
"50000";"Y = X^2 + epsilon";"5";"2";"0.1";"1";"1";"0.01";"-0.0260120672499438";"0"
"50000";"Y = X^2 + epsilon";"5";"2";"0.1";"1";"1";"0.02";"0.00579403747610407";"0"
"50000";"Y = X^2 + epsilon";"5";"2";"0.1";"1";"1";"0.05";"0.00688481871651447";"0"
"50000";"Y = X^2 + epsilon";"5";"2";"0.1";"1";"1";"0.1";"0.0317268822775245";"0"
"50000";"Y = X^2 + epsilon";"5";"2";"0.1";"1";"1";"0.2";"0.135878975131181";"0.0099999999802094"
"50000";"Y = X^2 + epsilon";"5";"2";"0.1";"1";"1";"0.5";"0.757096450935306";"0"
"50000";"Y = X^2 + epsilon";"5";"2";"0.1";"1";"1";"0.001";"-0.0525622613258933";"0"
"50000";"Y = X^2 + epsilon";"5";"2";"0.1";"1";"1";"0.002";"0.0945958563292553";"0"
"50000";"Y = X^2 + epsilon";"5";"2";"0.1";"1";"1";"0.005";"0.00597767593208598";"0"
"50000";"Y = X^2 + epsilon";"5";"2";"0.1";"1";"1";"0.01";"-0.00287141828980197";"0"
"50000";"Y = X^2 + epsilon";"5";"2";"0.1";"1";"1";"0.02";"-0.0135324204475863";"0"
"50000";"Y = X^2 + epsilon";"5";"2";"0.1";"1";"1";"0.05";"0.0175929323419135";"0"
"50000";"Y = X^2 + epsilon";"5";"2";"0.1";"1";"1";"0.1";"0.0349384064978386";"0"
"50000";"Y = X^2 + epsilon";"5";"2";"0.1";"1";"1";"0.2";"0.119701706714592";"0"
"50000";"Y = X^2 + epsilon";"5";"2";"0.1";"1";"1";"0.5";"0.783194112990416";"0"
"50000";"Y = X^2 + epsilon";"5";"2";"0.1";"1";"1";"0.001";"-0.0394149330114246";"0"
"50000";"Y = X^2 + epsilon";"5";"2";"0.1";"1";"1";"0.002";"0.0139397315863286";"0"
"50000";"Y = X^2 + epsilon";"5";"2";"0.1";"1";"1";"0.005";"-0.0228438275769085";"0"
"50000";"Y = X^2 + epsilon";"5";"2";"0.1";"1";"1";"0.01";"0.0243337274091684";"0"
"50000";"Y = X^2 + epsilon";"5";"2";"0.1";"1";"1";"0.02";"-0.00396104073305492";"0.0200000000186265"
"50000";"Y = X^2 + epsilon";"5";"2";"0.1";"1";"1";"0.05";"-0.00249478405448778";"0"
"50000";"Y = X^2 + epsilon";"5";"2";"0.1";"1";"1";"0.1";"0.0299393706845661";"0"
"50000";"Y = X^2 + epsilon";"5";"2";"0.1";"1";"1";"0.2";"0.124041040961698";"0"
"50000";"Y = X^2 + epsilon";"5";"2";"0.1";"1";"1";"0.5";"0.770163242281605";"0"
"50000";"Y = X^2 + epsilon";"5";"2";"0.1";"1";"1";"0.001";"-0.088335064270789";"0"
"50000";"Y = X^2 + epsilon";"5";"2";"0.1";"1";"1";"0.002";"-0.0130967278712826";"0.0199999999895226"
"50000";"Y = X^2 + epsilon";"5";"2";"0.1";"1";"1";"0.005";"-0.0288595713181781";"0"
"50000";"Y = X^2 + epsilon";"5";"2";"0.1";"1";"1";"0.01";"0.00653252251401426";"0.0199999999895226"
"50000";"Y = X^2 + epsilon";"5";"2";"0.1";"1";"1";"0.02";"-0.00867436143285538";"0.0100000000093132"
"50000";"Y = X^2 + epsilon";"5";"2";"0.1";"1";"1";"0.05";"0.00749923462122415";"0"
"50000";"Y = X^2 + epsilon";"5";"2";"0.1";"1";"1";"0.1";"0.0349635018054697";"0"
"50000";"Y = X^2 + epsilon";"5";"2";"0.1";"1";"1";"0.2";"0.110344201339703";"0.0199999999895226"
"50000";"Y = X^2 + epsilon";"5";"2";"0.1";"1";"1";"0.5";"0.770586687088876";"0"
"50000";"Y = X^2 + epsilon";"5";"2";"0.1";"1";"1";"0.001";"-0.000523073572698207";"0.0199999999895226"
"50000";"Y = X^2 + epsilon";"5";"2";"0.1";"1";"1";"0.002";"-0.0202031644257619";"0"
"50000";"Y = X^2 + epsilon";"5";"2";"0.1";"1";"1";"0.005";"0.0262863122851389";"0"
"50000";"Y = X^2 + epsilon";"5";"2";"0.1";"1";"1";"0.01";"0.000237711133572516";"0.0200000000186265"
"50000";"Y = X^2 + epsilon";"5";"2";"0.1";"1";"1";"0.02";"-0.00572296733956223";"0"
"50000";"Y = X^2 + epsilon";"5";"2";"0.1";"1";"1";"0.05";"0.00530103640580482";"0"
"50000";"Y = X^2 + epsilon";"5";"2";"0.1";"1";"1";"0.1";"0.0494163875003197";"0"
"50000";"Y = X^2 + epsilon";"5";"2";"0.1";"1";"1";"0.2";"0.122009393070029";"0"
"50000";"Y = X^2 + epsilon";"5";"2";"0.1";"1";"1";"0.5";"0.761107090976625";"0"
"50000";"Y = X^2 + epsilon";"5";"2";"0.1";"1";"1";"0.001";"0.0632861968816256";"0"
"50000";"Y = X^2 + epsilon";"5";"2";"0.1";"1";"1";"0.002";"-0.0149313004358129";"0"
"50000";"Y = X^2 + epsilon";"5";"2";"0.1";"1";"1";"0.005";"-0.0184514996110066";"0.0199999999895226"
"50000";"Y = X^2 + epsilon";"5";"2";"0.1";"1";"1";"0.01";"0.0174279759900653";"0"
"50000";"Y = X^2 + epsilon";"5";"2";"0.1";"1";"1";"0.02";"0.00237401568005979";"0"
"50000";"Y = X^2 + epsilon";"5";"2";"0.1";"1";"1";"0.05";"0.00238466329221132";"0"
"50000";"Y = X^2 + epsilon";"5";"2";"0.1";"1";"1";"0.1";"0.0251994138023368";"0.0199999999895226"
"50000";"Y = X^2 + epsilon";"5";"2";"0.1";"1";"1";"0.2";"0.09983931862105";"0.0100000000093132"
"50000";"Y = X^2 + epsilon";"5";"2";"0.1";"1";"1";"0.5";"0.775056029593957";"0.0199999999895226"
"50000";"Y = X^2 + epsilon";"5";"2";"0.1";"1";"1";"0.001";"-0.0183717664640458";"0"
"50000";"Y = X^2 + epsilon";"5";"2";"0.1";"1";"1";"0.002";"-0.0255622776670701";"0"
"50000";"Y = X^2 + epsilon";"5";"2";"0.1";"1";"1";"0.005";"-0.0144498998490293";"0"
"50000";"Y = X^2 + epsilon";"5";"2";"0.1";"1";"1";"0.01";"-0.0218873730543259";"0"
"50000";"Y = X^2 + epsilon";"5";"2";"0.1";"1";"1";"0.02";"0.0223580816033795";"0"
"50000";"Y = X^2 + epsilon";"5";"2";"0.1";"1";"1";"0.05";"0.0145028862802354";"0"
"50000";"Y = X^2 + epsilon";"5";"2";"0.1";"1";"1";"0.1";"0.0318951792055513";"0.0099999999802094"
"50000";"Y = X^2 + epsilon";"5";"2";"0.1";"1";"1";"0.2";"0.11870710071182";"0"
"50000";"Y = X^2 + epsilon";"5";"2";"0.1";"1";"1";"0.5";"0.739508637184942";"0"
"50000";"Y = X^2 + epsilon";"5";"2";"0.1";"1";"1";"0.001";"-0.0170369749868751";"0"
"50000";"Y = X^2 + epsilon";"5";"2";"0.1";"1";"1";"0.002";"-0.0166316128245508";"0"
"50000";"Y = X^2 + epsilon";"5";"2";"0.1";"1";"1";"0.005";"-0.00295363404270765";"0"
"50000";"Y = X^2 + epsilon";"5";"2";"0.1";"1";"1";"0.01";"-0.0254934944634735";"0"
"50000";"Y = X^2 + epsilon";"5";"2";"0.1";"1";"1";"0.02";"0.0144578526299559";"0"
"50000";"Y = X^2 + epsilon";"5";"2";"0.1";"1";"1";"0.05";"0.0182872039784694";"0"
"50000";"Y = X^2 + epsilon";"5";"2";"0.1";"1";"1";"0.1";"0.0266451086143356";"0"
"50000";"Y = X^2 + epsilon";"5";"2";"0.1";"1";"1";"0.2";"0.118626174046375";"0"
"50000";"Y = X^2 + epsilon";"5";"2";"0.1";"1";"1";"0.5";"0.761143605056079";"0.0100000000093132"
"50000";"Y = X^2 + epsilon";"5";"2";"0.1";"1";"1";"0.001";"-0.00760746450615402";"0"
"50000";"Y = X^2 + epsilon";"5";"2";"0.1";"1";"1";"0.002";"-0.0518513097933846";"0"
"50000";"Y = X^2 + epsilon";"5";"2";"0.1";"1";"1";"0.005";"0.0329825724696862";"0"
"50000";"Y = X^2 + epsilon";"5";"2";"0.1";"1";"1";"0.01";"-0.0122188622552711";"0"
"50000";"Y = X^2 + epsilon";"5";"2";"0.1";"1";"1";"0.02";"0.0223492118946105";"0"
"50000";"Y = X^2 + epsilon";"5";"2";"0.1";"1";"1";"0.05";"-0.0165846974641495";"0"
"50000";"Y = X^2 + epsilon";"5";"2";"0.1";"1";"1";"0.1";"0.0363548489929579";"0"
"50000";"Y = X^2 + epsilon";"5";"2";"0.1";"1";"1";"0.2";"0.117252306534368";"0.0099999999802094"
"50000";"Y = X^2 + epsilon";"5";"2";"0.1";"1";"1";"0.5";"0.774913273101527";"0"
"50000";"Y = X^2 + epsilon";"5";"2";"0.1";"1";"1";"0.001";"-0.069562431509158";"0"
"50000";"Y = X^2 + epsilon";"5";"2";"0.1";"1";"1";"0.002";"-0.00199295228806262";"0"
"50000";"Y = X^2 + epsilon";"5";"2";"0.1";"1";"1";"0.005";"-0.00591853860122216";"0"
"50000";"Y = X^2 + epsilon";"5";"2";"0.1";"1";"1";"0.01";"-0.0242396378034851";"0"
"50000";"Y = X^2 + epsilon";"5";"2";"0.1";"1";"1";"0.02";"0.0091791575770761";"0"
"50000";"Y = X^2 + epsilon";"5";"2";"0.1";"1";"1";"0.05";"0.00654073660121313";"0"
"50000";"Y = X^2 + epsilon";"5";"2";"0.1";"1";"1";"0.1";"0.0334458587368682";"0"
"50000";"Y = X^2 + epsilon";"5";"2";"0.1";"1";"1";"0.2";"0.101265220039746";"0"
"50000";"Y = X^2 + epsilon";"5";"2";"0.1";"1";"1";"0.5";"0.768158947672976";"0.0100000000093132"
"50000";"Y = X^2 + epsilon";"5";"2";"0.1";"1";"1";"0.001";"0.0512027689598675";"0"
"50000";"Y = X^2 + epsilon";"5";"2";"0.1";"1";"1";"0.002";"0.00910196074430303";"0"
"50000";"Y = X^2 + epsilon";"5";"2";"0.1";"1";"1";"0.005";"0.0105916824577046";"0"
"50000";"Y = X^2 + epsilon";"5";"2";"0.1";"1";"1";"0.01";"0.00859460630336795";"0"
"50000";"Y = X^2 + epsilon";"5";"2";"0.1";"1";"1";"0.02";"-0.00817013378898712";"0"
"50000";"Y = X^2 + epsilon";"5";"2";"0.1";"1";"1";"0.05";"0.0104688053729498";"0"
"50000";"Y = X^2 + epsilon";"5";"2";"0.1";"1";"1";"0.1";"0.015001793624855";"0"
"50000";"Y = X^2 + epsilon";"5";"2";"0.1";"1";"1";"0.2";"0.113525803735084";"0"
"50000";"Y = X^2 + epsilon";"5";"2";"0.1";"1";"1";"0.5";"0.757860669742004";"0"
"50000";"Y = X^2 + epsilon";"5";"2";"0.1";"1";"1";"0.001";"-0.0687919708374172";"0"
"50000";"Y = X^2 + epsilon";"5";"2";"0.1";"1";"1";"0.002";"0.0453061197023261";"0"
"50000";"Y = X^2 + epsilon";"5";"2";"0.1";"1";"1";"0.005";"0.03867602470142";"0"
"50000";"Y = X^2 + epsilon";"5";"2";"0.1";"1";"1";"0.01";"0.00258739220985582";"0"
"50000";"Y = X^2 + epsilon";"5";"2";"0.1";"1";"1";"0.02";"0.00211433195629396";"0"
"50000";"Y = X^2 + epsilon";"5";"2";"0.1";"1";"1";"0.05";"0.000663514896475537";"0"
"50000";"Y = X^2 + epsilon";"5";"2";"0.1";"1";"1";"0.1";"0.026087898750315";"0"
"50000";"Y = X^2 + epsilon";"5";"2";"0.1";"1";"1";"0.2";"0.0998879709862426";"0.0100000000093132"
"50000";"Y = X^2 + epsilon";"5";"2";"0.1";"1";"1";"0.5";"0.753513884697181";"0.0199999999895226"
"50000";"Y = X^2 + epsilon";"5";"2";"0.1";"1";"1";"0.001";"0.00395070559022348";"0"
"50000";"Y = X^2 + epsilon";"5";"2";"0.1";"1";"1";"0.002";"0.010692371876047";"0"
"50000";"Y = X^2 + epsilon";"5";"2";"0.1";"1";"1";"0.005";"0.0404410405427937";"0"
"50000";"Y = X^2 + epsilon";"5";"2";"0.1";"1";"1";"0.01";"-0.00852604284735758";"0"
"50000";"Y = X^2 + epsilon";"5";"2";"0.1";"1";"1";"0.02";"0.0126832946885118";"0"
"50000";"Y = X^2 + epsilon";"5";"2";"0.1";"1";"1";"0.05";"0.0109413902839079";"0"
"50000";"Y = X^2 + epsilon";"5";"2";"0.1";"1";"1";"0.1";"0.014845422586931";"0"
"50000";"Y = X^2 + epsilon";"5";"2";"0.1";"1";"1";"0.2";"0.122535219695953";"0"
"50000";"Y = X^2 + epsilon";"5";"2";"0.1";"1";"1";"0.5";"0.793200156226336";"0"
"50000";"Y = X^2 + epsilon";"5";"2";"0.1";"1";"1";"0.001";"-0.0149335416546795";"0"
"50000";"Y = X^2 + epsilon";"5";"2";"0.1";"1";"1";"0.002";"0.0189088270444668";"0"
"50000";"Y = X^2 + epsilon";"5";"2";"0.1";"1";"1";"0.005";"-0.00565789695296803";"0"
"50000";"Y = X^2 + epsilon";"5";"2";"0.1";"1";"1";"0.01";"-0.0128511062248181";"0"
"50000";"Y = X^2 + epsilon";"5";"2";"0.1";"1";"1";"0.02";"-0.01761271674209";"0"
"50000";"Y = X^2 + epsilon";"5";"2";"0.1";"1";"1";"0.05";"0.00903685507771779";"0"
"50000";"Y = X^2 + epsilon";"5";"2";"0.1";"1";"1";"0.1";"0.0178268125398846";"0"
"50000";"Y = X^2 + epsilon";"5";"2";"0.1";"1";"1";"0.2";"0.10903332651392";"0"
"50000";"Y = X^2 + epsilon";"5";"2";"0.1";"1";"1";"0.5";"0.758361114013199";"0"
"50000";"Y = X^2 + epsilon";"5";"2";"0.1";"1";"1";"0.001";"0.0229364654613526";"0"
"50000";"Y = X^2 + epsilon";"5";"2";"0.1";"1";"1";"0.002";"-0.0149779960316604";"0"
"50000";"Y = X^2 + epsilon";"5";"2";"0.1";"1";"1";"0.005";"0.0125615415140856";"0"
"50000";"Y = X^2 + epsilon";"5";"2";"0.1";"1";"1";"0.01";"-0.000523152538790539";"0"
"50000";"Y = X^2 + epsilon";"5";"2";"0.1";"1";"1";"0.02";"0.0120994723290226";"0"
"50000";"Y = X^2 + epsilon";"5";"2";"0.1";"1";"1";"0.05";"0.0122571906181248";"0"
"50000";"Y = X^2 + epsilon";"5";"2";"0.1";"1";"1";"0.1";"0.0304294763205029";"0.0200000000186265"
"50000";"Y = X^2 + epsilon";"5";"2";"0.1";"1";"1";"0.2";"0.112760218878992";"0"
"50000";"Y = X^2 + epsilon";"5";"2";"0.1";"1";"1";"0.5";"0.726973132469006";"0"
"50000";"Y = X^2 + epsilon";"5";"2";"0.1";"1";"1";"0.001";"0.00388181856891556";"0"
"50000";"Y = X^2 + epsilon";"5";"2";"0.1";"1";"1";"0.002";"0.0646737673853215";"0"
"50000";"Y = X^2 + epsilon";"5";"2";"0.1";"1";"1";"0.005";"0.0147235376451123";"0"
"50000";"Y = X^2 + epsilon";"5";"2";"0.1";"1";"1";"0.01";"0.014244303212263";"0"
"50000";"Y = X^2 + epsilon";"5";"2";"0.1";"1";"1";"0.02";"0.00668944040795805";"0"
"50000";"Y = X^2 + epsilon";"5";"2";"0.1";"1";"1";"0.05";"0.0109431008635623";"0"
"50000";"Y = X^2 + epsilon";"5";"2";"0.1";"1";"1";"0.1";"0.0340047252375018";"0"
"50000";"Y = X^2 + epsilon";"5";"2";"0.1";"1";"1";"0.2";"0.134835459174821";"0"
"50000";"Y = X^2 + epsilon";"5";"2";"0.1";"1";"1";"0.5";"0.786945503208613";"0"
"50000";"Y = X^2 + epsilon";"5";"2";"0.1";"1";"1";"0.001";"-0.0121394014319133";"0"
"50000";"Y = X^2 + epsilon";"5";"2";"0.1";"1";"1";"0.002";"-0.0273643531449151";"0"
"50000";"Y = X^2 + epsilon";"5";"2";"0.1";"1";"1";"0.005";"0.0118078257760592";"0"
"50000";"Y = X^2 + epsilon";"5";"2";"0.1";"1";"1";"0.01";"-0.00965109501566874";"0"
"50000";"Y = X^2 + epsilon";"5";"2";"0.1";"1";"1";"0.02";"-0.0143272358094926";"0.0199999999895226"
"50000";"Y = X^2 + epsilon";"5";"2";"0.1";"1";"1";"0.05";"0.00893341953764826";"0"
"50000";"Y = X^2 + epsilon";"5";"2";"0.1";"1";"1";"0.1";"0.0245581503515695";"0.0099999999802094"
"50000";"Y = X^2 + epsilon";"5";"2";"0.1";"1";"1";"0.2";"0.120634036092987";"0"
"50000";"Y = X^2 + epsilon";"5";"2";"0.1";"1";"1";"0.5";"0.722582408054432";"0.0099999999802094"
"50000";"Y = X^2 + epsilon";"5";"2";"0.1";"1";"1";"0.001";"-0.0547760146716753";"0"
"50000";"Y = X^2 + epsilon";"5";"2";"0.1";"1";"1";"0.002";"7.95795118564424e-05";"0"
"50000";"Y = X^2 + epsilon";"5";"2";"0.1";"1";"1";"0.005";"-0.0386711003554689";"0"
"50000";"Y = X^2 + epsilon";"5";"2";"0.1";"1";"1";"0.01";"0.00834316683381986";"0"
"50000";"Y = X^2 + epsilon";"5";"2";"0.1";"1";"1";"0.02";"0.0137056052431868";"0"
"50000";"Y = X^2 + epsilon";"5";"2";"0.1";"1";"1";"0.05";"-0.00151372968430352";"0"
"50000";"Y = X^2 + epsilon";"5";"2";"0.1";"1";"1";"0.1";"0.0302650072067625";"0"
"50000";"Y = X^2 + epsilon";"5";"2";"0.1";"1";"1";"0.2";"0.128738116868061";"0"
"50000";"Y = X^2 + epsilon";"5";"2";"0.1";"1";"1";"0.5";"0.787496626996337";"0.0100000000093132"
"50000";"Y = X^2 + epsilon";"5";"2";"0.1";"1";"1";"0.001";"-0.0235607300864662";"0"
"50000";"Y = X^2 + epsilon";"5";"2";"0.1";"1";"1";"0.002";"0.0165445130222253";"0"
"50000";"Y = X^2 + epsilon";"5";"2";"0.1";"1";"1";"0.005";"0.0360521991840976";"0"
"50000";"Y = X^2 + epsilon";"5";"2";"0.1";"1";"1";"0.01";"-0.00742779033805396";"0"
"50000";"Y = X^2 + epsilon";"5";"2";"0.1";"1";"1";"0.02";"-0.00125249260053262";"0"
"50000";"Y = X^2 + epsilon";"5";"2";"0.1";"1";"1";"0.05";"0.000167419747641784";"0"
"50000";"Y = X^2 + epsilon";"5";"2";"0.1";"1";"1";"0.1";"0.0268379073072653";"0"
"50000";"Y = X^2 + epsilon";"5";"2";"0.1";"1";"1";"0.2";"0.137323013685549";"0"
"50000";"Y = X^2 + epsilon";"5";"2";"0.1";"1";"1";"0.5";"0.777831639303568";"0"
"50000";"Y = X^2 + epsilon";"5";"2";"0.1";"1";"1";"0.001";"-0.0020034289868841";"0"
"50000";"Y = X^2 + epsilon";"5";"2";"0.1";"1";"1";"0.002";"-0.0653954197319432";"0"
"50000";"Y = X^2 + epsilon";"5";"2";"0.1";"1";"1";"0.005";"-0.0120348943134235";"0"
"50000";"Y = X^2 + epsilon";"5";"2";"0.1";"1";"1";"0.01";"0.00166138812343952";"0"
"50000";"Y = X^2 + epsilon";"5";"2";"0.1";"1";"1";"0.02";"0.00387469904134452";"0"
"50000";"Y = X^2 + epsilon";"5";"2";"0.1";"1";"1";"0.05";"0.00524191154352316";"0.0200000000186265"
"50000";"Y = X^2 + epsilon";"5";"2";"0.1";"1";"1";"0.1";"0.0296046794238625";"0.0199999999895226"
"50000";"Y = X^2 + epsilon";"5";"2";"0.1";"1";"1";"0.2";"0.134115025287167";"0.0100000000093132"
"50000";"Y = X^2 + epsilon";"5";"2";"0.1";"1";"1";"0.5";"0.757109902280849";"0.0199999999895226"
"50000";"Y = X^2 + epsilon";"5";"2";"0.1";"1";"1";"0.001";"-0.0400014628060761";"0"
"50000";"Y = X^2 + epsilon";"5";"2";"0.1";"1";"1";"0.002";"-0.00549154414530373";"0"
"50000";"Y = X^2 + epsilon";"5";"2";"0.1";"1";"1";"0.005";"0.0266645052274155";"0"
"50000";"Y = X^2 + epsilon";"5";"2";"0.1";"1";"1";"0.01";"0.0053299483093745";"0"
"50000";"Y = X^2 + epsilon";"5";"2";"0.1";"1";"1";"0.02";"-0.00795143684045696";"0"
"50000";"Y = X^2 + epsilon";"5";"2";"0.1";"1";"1";"0.05";"0.00097939581988693";"0"
"50000";"Y = X^2 + epsilon";"5";"2";"0.1";"1";"1";"0.1";"0.0230797663919866";"0"
"50000";"Y = X^2 + epsilon";"5";"2";"0.1";"1";"1";"0.2";"0.138013304084121";"0.0200000000186265"
"50000";"Y = X^2 + epsilon";"5";"2";"0.1";"1";"1";"0.5";"0.764035587943988";"0.0099999999802094"
"50000";"Y = X^2 + epsilon";"5";"2";"0.1";"1";"1";"0.001";"0.0815631211622967";"0"
"50000";"Y = X^2 + epsilon";"5";"2";"0.1";"1";"1";"0.002";"0.00729053926351786";"0"
"50000";"Y = X^2 + epsilon";"5";"2";"0.1";"1";"1";"0.005";"0.0399160306567641";"0"
"50000";"Y = X^2 + epsilon";"5";"2";"0.1";"1";"1";"0.01";"-0.0150296060161754";"0"
"50000";"Y = X^2 + epsilon";"5";"2";"0.1";"1";"1";"0.02";"0.00145832169864968";"0"
"50000";"Y = X^2 + epsilon";"5";"2";"0.1";"1";"1";"0.05";"0.0200213549997856";"0"
"50000";"Y = X^2 + epsilon";"5";"2";"0.1";"1";"1";"0.1";"0.0376396109687878";"0"
"50000";"Y = X^2 + epsilon";"5";"2";"0.1";"1";"1";"0.2";"0.131766521552181";"0"
"50000";"Y = X^2 + epsilon";"5";"2";"0.1";"1";"1";"0.5";"0.736119563276724";"0"
"50000";"Y = X^2 + epsilon";"5";"2";"0.1";"1";"1";"0.001";"0.0355442315342653";"0"
"50000";"Y = X^2 + epsilon";"5";"2";"0.1";"1";"1";"0.002";"-0.0227868929551741";"0"
"50000";"Y = X^2 + epsilon";"5";"2";"0.1";"1";"1";"0.005";"-0.0156216330514973";"0.0199999999895226"
"50000";"Y = X^2 + epsilon";"5";"2";"0.1";"1";"1";"0.01";"0.0100526118611455";"0"
"50000";"Y = X^2 + epsilon";"5";"2";"0.1";"1";"1";"0.02";"0.0220794735908703";"0"
"50000";"Y = X^2 + epsilon";"5";"2";"0.1";"1";"1";"0.05";"0.0161546331545646";"0"
"50000";"Y = X^2 + epsilon";"5";"2";"0.1";"1";"1";"0.1";"0.0246142254398976";"0.0100000000093132"
"50000";"Y = X^2 + epsilon";"5";"2";"0.1";"1";"1";"0.2";"0.131874258215129";"0.0199999999895226"
"50000";"Y = X^2 + epsilon";"5";"2";"0.1";"1";"1";"0.5";"0.760380125102865";"0.0200000000186265"
"50000";"Y = X^2 + epsilon";"5";"2";"0.1";"1";"1";"0.001";"0.0459945008592966";"0"
"50000";"Y = X^2 + epsilon";"5";"2";"0.1";"1";"1";"0.002";"-0.0244404602704419";"0"
"50000";"Y = X^2 + epsilon";"5";"2";"0.1";"1";"1";"0.005";"0.0258774177701298";"0"
"50000";"Y = X^2 + epsilon";"5";"2";"0.1";"1";"1";"0.01";"0.0145409623079935";"0"
"50000";"Y = X^2 + epsilon";"5";"2";"0.1";"1";"1";"0.02";"0.0178405929142129";"0"
"50000";"Y = X^2 + epsilon";"5";"2";"0.1";"1";"1";"0.05";"0.0152197449139762";"0"
"50000";"Y = X^2 + epsilon";"5";"2";"0.1";"1";"1";"0.1";"0.0254186538456742";"0"
"50000";"Y = X^2 + epsilon";"5";"2";"0.1";"1";"1";"0.2";"0.12933714075875";"0"
"50000";"Y = X^2 + epsilon";"5";"2";"0.1";"1";"1";"0.5";"0.769014604040807";"0"
"50000";"Y = X^2 + epsilon";"5";"2";"0.1";"1";"1";"0.001";"0.0966540853409066";"0"
"50000";"Y = X^2 + epsilon";"5";"2";"0.1";"1";"1";"0.002";"-0.0390337016527789";"0"
"50000";"Y = X^2 + epsilon";"5";"2";"0.1";"1";"1";"0.005";"-0.0316236715400869";"0"
"50000";"Y = X^2 + epsilon";"5";"2";"0.1";"1";"1";"0.01";"0.00762495103358618";"0"
"50000";"Y = X^2 + epsilon";"5";"2";"0.1";"1";"1";"0.02";"0.00799977320906176";"0"
"50000";"Y = X^2 + epsilon";"5";"2";"0.1";"1";"1";"0.05";"0.0191597339482228";"0"
"50000";"Y = X^2 + epsilon";"5";"2";"0.1";"1";"1";"0.1";"0.0300401487431905";"0"
"50000";"Y = X^2 + epsilon";"5";"2";"0.1";"1";"1";"0.2";"0.126892438247865";"0"
"50000";"Y = X^2 + epsilon";"5";"2";"0.1";"1";"1";"0.5";"0.796533032232128";"0"
"50000";"Y = X^2 + epsilon";"5";"2";"0.1";"1";"1";"0.001";"0.0227110287046919";"0"
"50000";"Y = X^2 + epsilon";"5";"2";"0.1";"1";"1";"0.002";"-0.0135700523841285";"0"
"50000";"Y = X^2 + epsilon";"5";"2";"0.1";"1";"1";"0.005";"0.0113328758304712";"0"
"50000";"Y = X^2 + epsilon";"5";"2";"0.1";"1";"1";"0.01";"0.00574388218359512";"0"
"50000";"Y = X^2 + epsilon";"5";"2";"0.1";"1";"1";"0.02";"0.00863083466373893";"0"
"50000";"Y = X^2 + epsilon";"5";"2";"0.1";"1";"1";"0.05";"0.014132651465945";"0"
"50000";"Y = X^2 + epsilon";"5";"2";"0.1";"1";"1";"0.1";"0.0296606152316312";"0"
"50000";"Y = X^2 + epsilon";"5";"2";"0.1";"1";"1";"0.2";"0.132911362861519";"0"
"50000";"Y = X^2 + epsilon";"5";"2";"0.1";"1";"1";"0.5";"0.749028083295059";"0"
"50000";"Y = X^2 + epsilon";"5";"2";"0.1";"1";"1";"0.001";"-0.0290540640933428";"0"
"50000";"Y = X^2 + epsilon";"5";"2";"0.1";"1";"1";"0.002";"0.00561309364053164";"0"
"50000";"Y = X^2 + epsilon";"5";"2";"0.1";"1";"1";"0.005";"-0.00359668572618921";"0"
"50000";"Y = X^2 + epsilon";"5";"2";"0.1";"1";"1";"0.01";"-0.0241944638383501";"0"
"50000";"Y = X^2 + epsilon";"5";"2";"0.1";"1";"1";"0.02";"-0.015444307128168";"0"
"50000";"Y = X^2 + epsilon";"5";"2";"0.1";"1";"1";"0.05";"-0.00800632148354785";"0"
"50000";"Y = X^2 + epsilon";"5";"2";"0.1";"1";"1";"0.1";"0.0185035548017001";"0"
"50000";"Y = X^2 + epsilon";"5";"2";"0.1";"1";"1";"0.2";"0.129848828515855";"0"
"50000";"Y = X^2 + epsilon";"5";"2";"0.1";"1";"1";"0.5";"0.748958404026294";"0"
"50000";"Y = X^2 + epsilon";"5";"2";"0.1";"1";"1";"0.001";"0.0621553481020451";"0"
"50000";"Y = X^2 + epsilon";"5";"2";"0.1";"1";"1";"0.002";"0.0510068013230049";"0"
"50000";"Y = X^2 + epsilon";"5";"2";"0.1";"1";"1";"0.005";"0.0216206904664582";"0"
"50000";"Y = X^2 + epsilon";"5";"2";"0.1";"1";"1";"0.01";"0.0169260219044738";"0"
"50000";"Y = X^2 + epsilon";"5";"2";"0.1";"1";"1";"0.02";"0.00330510324238231";"0"
"50000";"Y = X^2 + epsilon";"5";"2";"0.1";"1";"1";"0.05";"0.0127371619667396";"0"
"50000";"Y = X^2 + epsilon";"5";"2";"0.1";"1";"1";"0.1";"0.0358194905375198";"0"
"50000";"Y = X^2 + epsilon";"5";"2";"0.1";"1";"1";"0.2";"0.121162031169777";"0"
"50000";"Y = X^2 + epsilon";"5";"2";"0.1";"1";"1";"0.5";"0.77604501126961";"0.0200000000186265"
"50000";"Y = X^2 + epsilon";"5";"2";"0.1";"1";"1";"0.001";"-0.0256189090393399";"0"
"50000";"Y = X^2 + epsilon";"5";"2";"0.1";"1";"1";"0.002";"-0.0518395917745372";"0"
"50000";"Y = X^2 + epsilon";"5";"2";"0.1";"1";"1";"0.005";"0.00170036072550617";"0"
"50000";"Y = X^2 + epsilon";"5";"2";"0.1";"1";"1";"0.01";"-0.00791088594839828";"0"
"50000";"Y = X^2 + epsilon";"5";"2";"0.1";"1";"1";"0.02";"0.00284535275566822";"0"
"50000";"Y = X^2 + epsilon";"5";"2";"0.1";"1";"1";"0.05";"0.0161886069537083";"0"
"50000";"Y = X^2 + epsilon";"5";"2";"0.1";"1";"1";"0.1";"0.0316424771189088";"0"
"50000";"Y = X^2 + epsilon";"5";"2";"0.1";"1";"1";"0.2";"0.124423971967038";"0"
"50000";"Y = X^2 + epsilon";"5";"2";"0.1";"1";"1";"0.5";"0.740542560454266";"0"
"50000";"Y = X^2 + epsilon";"5";"2";"0.1";"1";"1";"0.001";"-0.0214847235811845";"0"
"50000";"Y = X^2 + epsilon";"5";"2";"0.1";"1";"1";"0.002";"0.0323853645462879";"0"
"50000";"Y = X^2 + epsilon";"5";"2";"0.1";"1";"1";"0.005";"0.0212460218514656";"0"
"50000";"Y = X^2 + epsilon";"5";"2";"0.1";"1";"1";"0.01";"-0.0120971420323022";"0"
"50000";"Y = X^2 + epsilon";"5";"2";"0.1";"1";"1";"0.02";"-0.0122740421661482";"0"
"50000";"Y = X^2 + epsilon";"5";"2";"0.1";"1";"1";"0.05";"0.0113638418504434";"0"
"50000";"Y = X^2 + epsilon";"5";"2";"0.1";"1";"1";"0.1";"0.0383981868690428";"0.0099999999802094"
"50000";"Y = X^2 + epsilon";"5";"2";"0.1";"1";"1";"0.2";"0.125812228139769";"0.0200000000186265"
"50000";"Y = X^2 + epsilon";"5";"2";"0.1";"1";"1";"0.5";"0.788981456725758";"0"
"50000";"Y = X^2 + epsilon";"5";"2";"0.1";"1";"1";"0.001";"-0.0144948485405993";"0"
"50000";"Y = X^2 + epsilon";"5";"2";"0.1";"1";"1";"0.002";"0.0311783697395327";"0"
"50000";"Y = X^2 + epsilon";"5";"2";"0.1";"1";"1";"0.005";"0.0264272924063973";"0"
"50000";"Y = X^2 + epsilon";"5";"2";"0.1";"1";"1";"0.01";"-0.00108002386316519";"0.0100000000093132"
"50000";"Y = X^2 + epsilon";"5";"2";"0.1";"1";"1";"0.02";"-0.0148269117879835";"0"
"50000";"Y = X^2 + epsilon";"5";"2";"0.1";"1";"1";"0.05";"0.00226531094715465";"0"
"50000";"Y = X^2 + epsilon";"5";"2";"0.1";"1";"1";"0.1";"0.0212418179264606";"0"
"50000";"Y = X^2 + epsilon";"5";"2";"0.1";"1";"1";"0.2";"0.104231105801365";"0"
"50000";"Y = X^2 + epsilon";"5";"2";"0.1";"1";"1";"0.5";"0.763621972750911";"0"
"50000";"Y = X^2 + epsilon";"5";"2";"0.1";"1";"1";"0.001";"-0.0127317046411575";"0"
"50000";"Y = X^2 + epsilon";"5";"2";"0.1";"1";"1";"0.002";"-0.028578277855847";"0"
"50000";"Y = X^2 + epsilon";"5";"2";"0.1";"1";"1";"0.005";"0.0200111868009418";"0"
"50000";"Y = X^2 + epsilon";"5";"2";"0.1";"1";"1";"0.01";"-0.000156124581851991";"0"
"50000";"Y = X^2 + epsilon";"5";"2";"0.1";"1";"1";"0.02";"0.00602665581717687";"0.0200000000186265"
"50000";"Y = X^2 + epsilon";"5";"2";"0.1";"1";"1";"0.05";"0.0153405271714908";"0"
"50000";"Y = X^2 + epsilon";"5";"2";"0.1";"1";"1";"0.1";"0.0207843045346541";"0"
"50000";"Y = X^2 + epsilon";"5";"2";"0.1";"1";"1";"0.2";"0.127709919453939";"0.0099999999802094"
"50000";"Y = X^2 + epsilon";"5";"2";"0.1";"1";"1";"0.5";"0.767397830643835";"0"
"50000";"Y = X^2 + epsilon";"5";"2";"0.1";"1";"1";"0.001";"0.0114883656171449";"0"
"50000";"Y = X^2 + epsilon";"5";"2";"0.1";"1";"1";"0.002";"0.0377036377062976";"0"
"50000";"Y = X^2 + epsilon";"5";"2";"0.1";"1";"1";"0.005";"0.0120716399765439";"0"
"50000";"Y = X^2 + epsilon";"5";"2";"0.1";"1";"1";"0.01";"0.00620787813640078";"0"
"50000";"Y = X^2 + epsilon";"5";"2";"0.1";"1";"1";"0.02";"0.00548431998506005";"0"
"50000";"Y = X^2 + epsilon";"5";"2";"0.1";"1";"1";"0.05";"0.00760094825769309";"0"
"50000";"Y = X^2 + epsilon";"5";"2";"0.1";"1";"1";"0.1";"0.0261361715355113";"0.0199999999895226"
"50000";"Y = X^2 + epsilon";"5";"2";"0.1";"1";"1";"0.2";"0.108833306217051";"0"
"50000";"Y = X^2 + epsilon";"5";"2";"0.1";"1";"1";"0.5";"0.767309952744959";"0"
"50000";"Y = X^2 + epsilon";"5";"2";"0.1";"1";"1";"0.001";"-0.0780050870730553";"0"
"50000";"Y = X^2 + epsilon";"5";"2";"0.1";"1";"1";"0.002";"-0.011338659339207";"0"
"50000";"Y = X^2 + epsilon";"5";"2";"0.1";"1";"1";"0.005";"-0.0301536055895312";"0"
"50000";"Y = X^2 + epsilon";"5";"2";"0.1";"1";"1";"0.01";"0.0116411526088112";"0"
"50000";"Y = X^2 + epsilon";"5";"2";"0.1";"1";"1";"0.02";"0.00368845517472849";"0"
"50000";"Y = X^2 + epsilon";"5";"2";"0.1";"1";"1";"0.05";"-0.0019620168835397";"0"
"50000";"Y = X^2 + epsilon";"5";"2";"0.1";"1";"1";"0.1";"0.0280681721214047";"0"
"50000";"Y = X^2 + epsilon";"5";"2";"0.1";"1";"1";"0.2";"0.138015218591556";"0"
"50000";"Y = X^2 + epsilon";"5";"2";"0.1";"1";"1";"0.5";"0.779977245998001";"0"
"50000";"Y = X^2 + epsilon";"5";"2";"0.1";"1";"1";"0.001";"-0.020712752396947";"0"
"50000";"Y = X^2 + epsilon";"5";"2";"0.1";"1";"1";"0.002";"0.0275639389812634";"0"
"50000";"Y = X^2 + epsilon";"5";"2";"0.1";"1";"1";"0.005";"-0.0278982800075844";"0"
"50000";"Y = X^2 + epsilon";"5";"2";"0.1";"1";"1";"0.01";"0.00351002446613258";"0"
"50000";"Y = X^2 + epsilon";"5";"2";"0.1";"1";"1";"0.02";"0.00377007755677727";"0"
"50000";"Y = X^2 + epsilon";"5";"2";"0.1";"1";"1";"0.05";"0.000657520539543377";"0"
"50000";"Y = X^2 + epsilon";"5";"2";"0.1";"1";"1";"0.1";"0.0333735098247161";"0"
"50000";"Y = X^2 + epsilon";"5";"2";"0.1";"1";"1";"0.2";"0.119212188901487";"0.0199999999895226"
"50000";"Y = X^2 + epsilon";"5";"2";"0.1";"1";"1";"0.5";"0.760671415409801";"0.0100000000093132"
"50000";"Y = X^2 + epsilon";"5";"2";"0.1";"1";"1";"0.001";"-0.0364368837182407";"0"
"50000";"Y = X^2 + epsilon";"5";"2";"0.1";"1";"1";"0.002";"-0.0126612908667851";"0"
"50000";"Y = X^2 + epsilon";"5";"2";"0.1";"1";"1";"0.005";"-0.00341242631442906";"0"
"50000";"Y = X^2 + epsilon";"5";"2";"0.1";"1";"1";"0.01";"0.00259923007167551";"0"
"50000";"Y = X^2 + epsilon";"5";"2";"0.1";"1";"1";"0.02";"0.00393879232288241";"0"
"50000";"Y = X^2 + epsilon";"5";"2";"0.1";"1";"1";"0.05";"0.000134846044874237";"0"
"50000";"Y = X^2 + epsilon";"5";"2";"0.1";"1";"1";"0.1";"0.0355538314981771";"0"
"50000";"Y = X^2 + epsilon";"5";"2";"0.1";"1";"1";"0.2";"0.111523335833891";"0.0099999999802094"
"50000";"Y = X^2 + epsilon";"5";"2";"0.1";"1";"1";"0.5";"0.770043134920978";"0"
"50000";"Y = X^2 + epsilon";"5";"2";"0.1";"1";"1";"0.001";"0.0108016111068641";"0.0199999999895226"
"50000";"Y = X^2 + epsilon";"5";"2";"0.1";"1";"1";"0.002";"0.00681299938239177";"0"
"50000";"Y = X^2 + epsilon";"5";"2";"0.1";"1";"1";"0.005";"0.00534565370270235";"0"
"50000";"Y = X^2 + epsilon";"5";"2";"0.1";"1";"1";"0.01";"-0.023745723057378";"0"
"50000";"Y = X^2 + epsilon";"5";"2";"0.1";"1";"1";"0.02";"0.000218331072349809";"0"
"50000";"Y = X^2 + epsilon";"5";"2";"0.1";"1";"1";"0.05";"0.00819123934578725";"0.0199999999895226"
"50000";"Y = X^2 + epsilon";"5";"2";"0.1";"1";"1";"0.1";"0.028595748521999";"0.0100000000093132"
"50000";"Y = X^2 + epsilon";"5";"2";"0.1";"1";"1";"0.2";"0.126063024179922";"0"
"50000";"Y = X^2 + epsilon";"5";"2";"0.1";"1";"1";"0.5";"0.750226438535216";"0.0199999999895226"
"50000";"Y = X^2 + epsilon";"5";"2";"0.1";"1";"1";"0.001";"0.00983823826203389";"0.0200000000186265"
"50000";"Y = X^2 + epsilon";"5";"2";"0.1";"1";"1";"0.002";"0.0102866945309557";"0.0099999999802094"
"50000";"Y = X^2 + epsilon";"5";"2";"0.1";"1";"1";"0.005";"0.00942803875628218";"0"
"50000";"Y = X^2 + epsilon";"5";"2";"0.1";"1";"1";"0.01";"0.00629544739329702";"0"
"50000";"Y = X^2 + epsilon";"5";"2";"0.1";"1";"1";"0.02";"0.00295458007973926";"0"
"50000";"Y = X^2 + epsilon";"5";"2";"0.1";"1";"1";"0.05";"0.0101111048807019";"0"
"50000";"Y = X^2 + epsilon";"5";"2";"0.1";"1";"1";"0.1";"0.0273530183186868";"0"
"50000";"Y = X^2 + epsilon";"5";"2";"0.1";"1";"1";"0.2";"0.114957435607107";"0"
"50000";"Y = X^2 + epsilon";"5";"2";"0.1";"1";"1";"0.5";"0.759667338708466";"0"
"50000";"Y = X^2 + epsilon";"5";"2";"0.1";"1";"1";"0.001";"0.0286630923221352";"0"
"50000";"Y = X^2 + epsilon";"5";"2";"0.1";"1";"1";"0.002";"-0.0309580432616067";"0"
"50000";"Y = X^2 + epsilon";"5";"2";"0.1";"1";"1";"0.005";"0.0164912021095873";"0"
"50000";"Y = X^2 + epsilon";"5";"2";"0.1";"1";"1";"0.01";"-0.0177339936979014";"0"
"50000";"Y = X^2 + epsilon";"5";"2";"0.1";"1";"1";"0.02";"0.00230003720894167";"0.0199999999895226"
"50000";"Y = X^2 + epsilon";"5";"2";"0.1";"1";"1";"0.05";"-0.00429884275701187";"0"
"50000";"Y = X^2 + epsilon";"5";"2";"0.1";"1";"1";"0.1";"0.0235742445024221";"0"
"50000";"Y = X^2 + epsilon";"5";"2";"0.1";"1";"1";"0.2";"0.123765073878992";"0"
"50000";"Y = X^2 + epsilon";"5";"2";"0.1";"1";"1";"0.5";"0.747176794799771";"0.0199999999895226"
"50000";"Y = X^2 + epsilon";"5";"2";"0.1";"1";"1";"0.001";"-0.0353893476101642";"0"
"50000";"Y = X^2 + epsilon";"5";"2";"0.1";"1";"1";"0.002";"-0.0346060086676109";"0"
"50000";"Y = X^2 + epsilon";"5";"2";"0.1";"1";"1";"0.005";"0.00829715979055545";"0"
"50000";"Y = X^2 + epsilon";"5";"2";"0.1";"1";"1";"0.01";"0.00858978638892705";"0"
"50000";"Y = X^2 + epsilon";"5";"2";"0.1";"1";"1";"0.02";"0.00678929932360717";"0"
"50000";"Y = X^2 + epsilon";"5";"2";"0.1";"1";"1";"0.05";"-0.0059156825957164";"0"
"50000";"Y = X^2 + epsilon";"5";"2";"0.1";"1";"1";"0.1";"0.0274020790323379";"0"
"50000";"Y = X^2 + epsilon";"5";"2";"0.1";"1";"1";"0.2";"0.113253736316979";"0"
"50000";"Y = X^2 + epsilon";"5";"2";"0.1";"1";"1";"0.5";"0.76797868231039";"0.0199999999895226"
"50000";"Y = X^2 + epsilon";"5";"2";"0.1";"1";"1";"0.001";"-0.00735086537137875";"0"
"50000";"Y = X^2 + epsilon";"5";"2";"0.1";"1";"1";"0.002";"0.0152672556989939";"0"
"50000";"Y = X^2 + epsilon";"5";"2";"0.1";"1";"1";"0.005";"0.00230159935650831";"0"
"50000";"Y = X^2 + epsilon";"5";"2";"0.1";"1";"1";"0.01";"0.0287411228564272";"0"
"50000";"Y = X^2 + epsilon";"5";"2";"0.1";"1";"1";"0.02";"-0.00324348957748832";"0"
"50000";"Y = X^2 + epsilon";"5";"2";"0.1";"1";"1";"0.05";"0.0122080250574101";"0"
"50000";"Y = X^2 + epsilon";"5";"2";"0.1";"1";"1";"0.1";"0.0345577161328514";"0"
"50000";"Y = X^2 + epsilon";"5";"2";"0.1";"1";"1";"0.2";"0.11266415163062";"0.0199999999895226"
"50000";"Y = X^2 + epsilon";"5";"2";"0.1";"1";"1";"0.5";"0.756168233627391";"0"
"50000";"Y = X^2 + epsilon";"5";"2";"0.1";"1";"1";"0.001";"0.00295324643733941";"0"
"50000";"Y = X^2 + epsilon";"5";"2";"0.1";"1";"1";"0.002";"-0.0126208533463821";"0"
"50000";"Y = X^2 + epsilon";"5";"2";"0.1";"1";"1";"0.005";"0.0197259515450594";"0"
"50000";"Y = X^2 + epsilon";"5";"2";"0.1";"1";"1";"0.01";"-0.0231332983652431";"0"
"50000";"Y = X^2 + epsilon";"5";"2";"0.1";"1";"1";"0.02";"0.00478782004833667";"0"
"50000";"Y = X^2 + epsilon";"5";"2";"0.1";"1";"1";"0.05";"0.0122476969250218";"0"
"50000";"Y = X^2 + epsilon";"5";"2";"0.1";"1";"1";"0.1";"0.0189384786063906";"0"
"50000";"Y = X^2 + epsilon";"5";"2";"0.1";"1";"1";"0.2";"0.11184379437314";"0"
"50000";"Y = X^2 + epsilon";"5";"2";"0.1";"1";"1";"0.5";"0.738742873622261";"0"
"50000";"Y = X^2 + epsilon";"5";"2";"0.1";"1";"1";"0.001";"0.0807053345530764";"0"
"50000";"Y = X^2 + epsilon";"5";"2";"0.1";"1";"1";"0.002";"-0.0265240410335491";"0"
"50000";"Y = X^2 + epsilon";"5";"2";"0.1";"1";"1";"0.005";"-0.0097901737278302";"0"
"50000";"Y = X^2 + epsilon";"5";"2";"0.1";"1";"1";"0.01";"0.0224374390410658";"0"
"50000";"Y = X^2 + epsilon";"5";"2";"0.1";"1";"1";"0.02";"-0.00658503487418116";"0"
"50000";"Y = X^2 + epsilon";"5";"2";"0.1";"1";"1";"0.05";"0.0190199989354758";"0"
"50000";"Y = X^2 + epsilon";"5";"2";"0.1";"1";"1";"0.1";"0.0317834296375996";"0"
"50000";"Y = X^2 + epsilon";"5";"2";"0.1";"1";"1";"0.2";"0.123581154439917";"0"
"50000";"Y = X^2 + epsilon";"5";"2";"0.1";"1";"1";"0.5";"0.76078303074816";"0"
"50000";"Y = X^2 + epsilon";"5";"2";"0.1";"1";"1";"0.001";"-0.0487378822362386";"0"
"50000";"Y = X^2 + epsilon";"5";"2";"0.1";"1";"1";"0.002";"0.0095490363730879";"0"
"50000";"Y = X^2 + epsilon";"5";"2";"0.1";"1";"1";"0.005";"-0.0321692250714438";"0"
"50000";"Y = X^2 + epsilon";"5";"2";"0.1";"1";"1";"0.01";"0.00832222436675401";"0"
"50000";"Y = X^2 + epsilon";"5";"2";"0.1";"1";"1";"0.02";"-0.00426622970523549";"0.0099999999802094"
"50000";"Y = X^2 + epsilon";"5";"2";"0.1";"1";"1";"0.05";"0.0227667921936641";"0"
"50000";"Y = X^2 + epsilon";"5";"2";"0.1";"1";"1";"0.1";"0.025802871377143";"0"
"50000";"Y = X^2 + epsilon";"5";"2";"0.1";"1";"1";"0.2";"0.133565499710575";"0"
"50000";"Y = X^2 + epsilon";"5";"2";"0.1";"1";"1";"0.5";"0.777045555671757";"0"
"50000";"Y = X^2 + epsilon";"5";"2";"0.1";"1";"1";"0.001";"-0.0354148439817703";"0"
"50000";"Y = X^2 + epsilon";"5";"2";"0.1";"1";"1";"0.002";"-0.0262795967083872";"0"
"50000";"Y = X^2 + epsilon";"5";"2";"0.1";"1";"1";"0.005";"-0.0154303204808186";"0.0199999999895226"
"50000";"Y = X^2 + epsilon";"5";"2";"0.1";"1";"1";"0.01";"-0.00381181054482338";"0"
"50000";"Y = X^2 + epsilon";"5";"2";"0.1";"1";"1";"0.02";"0.00743759836201585";"0"
"50000";"Y = X^2 + epsilon";"5";"2";"0.1";"1";"1";"0.05";"0.00720625340078307";"0"
"50000";"Y = X^2 + epsilon";"5";"2";"0.1";"1";"1";"0.1";"0.0394877769402151";"0"
"50000";"Y = X^2 + epsilon";"5";"2";"0.1";"1";"1";"0.2";"0.117631694103435";"0"
"50000";"Y = X^2 + epsilon";"5";"2";"0.1";"1";"1";"0.5";"0.737718814457377";"0"
"50000";"Y = X^2 + epsilon";"5";"2";"0.1";"1";"1";"0.001";"0.00979332892778184";"0"
"50000";"Y = X^2 + epsilon";"5";"2";"0.1";"1";"1";"0.002";"0.0185501094630178";"0"
"50000";"Y = X^2 + epsilon";"5";"2";"0.1";"1";"1";"0.005";"0.0160619031721367";"0"
"50000";"Y = X^2 + epsilon";"5";"2";"0.1";"1";"1";"0.01";"-0.0101206021130339";"0"
"50000";"Y = X^2 + epsilon";"5";"2";"0.1";"1";"1";"0.02";"0.00483354729907326";"0"
"50000";"Y = X^2 + epsilon";"5";"2";"0.1";"1";"1";"0.05";"0.00437691802457985";"0"
"50000";"Y = X^2 + epsilon";"5";"2";"0.1";"1";"1";"0.1";"0.026085458575807";"0"
"50000";"Y = X^2 + epsilon";"5";"2";"0.1";"1";"1";"0.2";"0.140256527229276";"0"
"50000";"Y = X^2 + epsilon";"5";"2";"0.1";"1";"1";"0.5";"0.74569445643601";"0"
"50000";"Y = X^2 + epsilon";"5";"2";"0.1";"1";"1";"0.001";"-0.0172769445106693";"0"
"50000";"Y = X^2 + epsilon";"5";"2";"0.1";"1";"1";"0.002";"0.020524795090975";"0"
"50000";"Y = X^2 + epsilon";"5";"2";"0.1";"1";"1";"0.005";"-0.0244630864538744";"0"
"50000";"Y = X^2 + epsilon";"5";"2";"0.1";"1";"1";"0.01";"0.01694505998707";"0"
"50000";"Y = X^2 + epsilon";"5";"2";"0.1";"1";"1";"0.02";"-0.00670288042949019";"0"
"50000";"Y = X^2 + epsilon";"5";"2";"0.1";"1";"1";"0.05";"0.000745981088028591";"0"
"50000";"Y = X^2 + epsilon";"5";"2";"0.1";"1";"1";"0.1";"0.0215658042639755";"0"
"50000";"Y = X^2 + epsilon";"5";"2";"0.1";"1";"1";"0.2";"0.125380001877913";"0"
"50000";"Y = X^2 + epsilon";"5";"2";"0.1";"1";"1";"0.5";"0.761032364498671";"0.0199999999895226"
"50000";"Y = X^2 + epsilon";"5";"2";"0.1";"1";"1";"0.001";"-0.0594096136123651";"0"
"50000";"Y = X^2 + epsilon";"5";"2";"0.1";"1";"1";"0.002";"-0.0161757778537485";"0.0199999999895226"
"50000";"Y = X^2 + epsilon";"5";"2";"0.1";"1";"1";"0.005";"-0.0162917881107693";"0"
"50000";"Y = X^2 + epsilon";"5";"2";"0.1";"1";"1";"0.01";"-0.0161163457975398";"0"
"50000";"Y = X^2 + epsilon";"5";"2";"0.1";"1";"1";"0.02";"0.0106571419318702";"0"
"50000";"Y = X^2 + epsilon";"5";"2";"0.1";"1";"1";"0.05";"0.0130906670709519";"0"
"50000";"Y = X^2 + epsilon";"5";"2";"0.1";"1";"1";"0.1";"0.024326661483056";"0.0099999999802094"
"50000";"Y = X^2 + epsilon";"5";"2";"0.1";"1";"1";"0.2";"0.123560747383671";"0.0200000000186265"
"50000";"Y = X^2 + epsilon";"5";"2";"0.1";"1";"1";"0.5";"0.764096092566873";"0"
"50000";"Y = X^2 + epsilon";"5";"2";"0.1";"1";"1";"0.001";"0.0517803642301085";"0"
"50000";"Y = X^2 + epsilon";"5";"2";"0.1";"1";"1";"0.002";"-0.0292681117809074";"0"
"50000";"Y = X^2 + epsilon";"5";"2";"0.1";"1";"1";"0.005";"-0.0339566854345992";"0"
"50000";"Y = X^2 + epsilon";"5";"2";"0.1";"1";"1";"0.01";"0.0135585810393624";"0"
"50000";"Y = X^2 + epsilon";"5";"2";"0.1";"1";"1";"0.02";"0.00501624633746989";"0"
"50000";"Y = X^2 + epsilon";"5";"2";"0.1";"1";"1";"0.05";"0.0079908345586015";"0"
"50000";"Y = X^2 + epsilon";"5";"2";"0.1";"1";"1";"0.1";"0.0312079992031467";"0.0199999999895226"
"50000";"Y = X^2 + epsilon";"5";"2";"0.1";"1";"1";"0.2";"0.103808019671604";"0.0100000000093132"
"50000";"Y = X^2 + epsilon";"5";"2";"0.1";"1";"1";"0.5";"0.7655700968644";"0"
"50000";"Y = X^2 + epsilon";"5";"2";"0.1";"1";"1";"0.001";"0.0200142266594376";"0"
"50000";"Y = X^2 + epsilon";"5";"2";"0.1";"1";"1";"0.002";"0.017898369013136";"0"
"50000";"Y = X^2 + epsilon";"5";"2";"0.1";"1";"1";"0.005";"0.0135546224487708";"0"
"50000";"Y = X^2 + epsilon";"5";"2";"0.1";"1";"1";"0.01";"-0.004739754771386";"0"
"50000";"Y = X^2 + epsilon";"5";"2";"0.1";"1";"1";"0.02";"-0.00192608880223555";"0"
"50000";"Y = X^2 + epsilon";"5";"2";"0.1";"1";"1";"0.05";"0.020946334174252";"0.0200000000186265"
"50000";"Y = X^2 + epsilon";"5";"2";"0.1";"1";"1";"0.1";"0.0185596861396062";"0"
"50000";"Y = X^2 + epsilon";"5";"2";"0.1";"1";"1";"0.2";"0.12552235935307";"0"
"50000";"Y = X^2 + epsilon";"5";"2";"0.1";"1";"1";"0.5";"0.762929673337327";"0"
"50000";"Y = X^2 + epsilon";"5";"2";"0.1";"1";"1";"0.001";"0.05726819956778";"0"
"50000";"Y = X^2 + epsilon";"5";"2";"0.1";"1";"1";"0.002";"-0.0457800129398677";"0"
"50000";"Y = X^2 + epsilon";"5";"2";"0.1";"1";"1";"0.005";"0.0031166956927926";"0"
"50000";"Y = X^2 + epsilon";"5";"2";"0.1";"1";"1";"0.01";"-0.016280991927562";"0"
"50000";"Y = X^2 + epsilon";"5";"2";"0.1";"1";"1";"0.02";"0.00689496998449624";"0"
"50000";"Y = X^2 + epsilon";"5";"2";"0.1";"1";"1";"0.05";"0.0183678377106959";"0"
"50000";"Y = X^2 + epsilon";"5";"2";"0.1";"1";"1";"0.1";"0.0181280720721946";"0"
"50000";"Y = X^2 + epsilon";"5";"2";"0.1";"1";"1";"0.2";"0.125565109773876";"0"
"50000";"Y = X^2 + epsilon";"5";"2";"0.1";"1";"1";"0.5";"0.755895229413613";"0"
"50000";"Y = X^2 + epsilon";"5";"2";"0.1";"1";"1";"0.001";"0.00972305751659008";"0"
"50000";"Y = X^2 + epsilon";"5";"2";"0.1";"1";"1";"0.002";"0.00874546680751842";"0"
"50000";"Y = X^2 + epsilon";"5";"2";"0.1";"1";"1";"0.005";"0.0211020694004957";"0"
"50000";"Y = X^2 + epsilon";"5";"2";"0.1";"1";"1";"0.01";"0.0145178584005359";"0"
"50000";"Y = X^2 + epsilon";"5";"2";"0.1";"1";"1";"0.02";"0.0173383083240142";"0"
"50000";"Y = X^2 + epsilon";"5";"2";"0.1";"1";"1";"0.05";"0.00778762532671884";"0"
"50000";"Y = X^2 + epsilon";"5";"2";"0.1";"1";"1";"0.1";"0.0344247619895792";"0"
"50000";"Y = X^2 + epsilon";"5";"2";"0.1";"1";"1";"0.2";"0.10066719928731";"0"
"50000";"Y = X^2 + epsilon";"5";"2";"0.1";"1";"1";"0.5";"0.747469679433352";"0"
"50000";"Y = X^2 + epsilon";"5";"2";"0.1";"1";"1";"0.001";"-0.0439862027681136";"0"
"50000";"Y = X^2 + epsilon";"5";"2";"0.1";"1";"1";"0.002";"0.0210243824016998";"0"
"50000";"Y = X^2 + epsilon";"5";"2";"0.1";"1";"1";"0.005";"0.0217328113496194";"0"
"50000";"Y = X^2 + epsilon";"5";"2";"0.1";"1";"1";"0.01";"0.000305759594607657";"0"
"50000";"Y = X^2 + epsilon";"5";"2";"0.1";"1";"1";"0.02";"-0.00882765397968377";"0"
"50000";"Y = X^2 + epsilon";"5";"2";"0.1";"1";"1";"0.05";"0.0162893521679528";"0"
"50000";"Y = X^2 + epsilon";"5";"2";"0.1";"1";"1";"0.1";"0.018351756663586";"0"
"50000";"Y = X^2 + epsilon";"5";"2";"0.1";"1";"1";"0.2";"0.134063285798165";"0.0199999999895226"
"50000";"Y = X^2 + epsilon";"5";"2";"0.1";"1";"1";"0.5";"0.77115423249925";"0.0100000000093132"
"50000";"Y = X^2 + epsilon";"5";"2";"0.1";"1";"1";"0.001";"-0.228923278018632";"0"
"50000";"Y = X^2 + epsilon";"5";"2";"0.1";"1";"1";"0.002";"0.0255262818808082";"0"
"50000";"Y = X^2 + epsilon";"5";"2";"0.1";"1";"1";"0.005";"-0.000130721851932414";"0"
"50000";"Y = X^2 + epsilon";"5";"2";"0.1";"1";"1";"0.01";"0.0102020498124036";"0"
"50000";"Y = X^2 + epsilon";"5";"2";"0.1";"1";"1";"0.02";"0.00435223418967934";"0"
"50000";"Y = X^2 + epsilon";"5";"2";"0.1";"1";"1";"0.05";"0.00439619371476052";"0"
"50000";"Y = X^2 + epsilon";"5";"2";"0.1";"1";"1";"0.1";"0.0195675471892511";"0"
"50000";"Y = X^2 + epsilon";"5";"2";"0.1";"1";"1";"0.2";"0.118132353460086";"0.0200000000186265"
"50000";"Y = X^2 + epsilon";"5";"2";"0.1";"1";"1";"0.5";"0.759524627658269";"0.0099999999802094"
"50000";"Y = X^2 + epsilon";"5";"2";"0.1";"1";"1";"0.001";"0.0316444277168291";"0.0200000000186265"
"50000";"Y = X^2 + epsilon";"5";"2";"0.1";"1";"1";"0.002";"0.0145328024049938";"0"
"50000";"Y = X^2 + epsilon";"5";"2";"0.1";"1";"1";"0.005";"0.0053685086724693";"0"
"50000";"Y = X^2 + epsilon";"5";"2";"0.1";"1";"1";"0.01";"-0.0109131942539178";"0"
"50000";"Y = X^2 + epsilon";"5";"2";"0.1";"1";"1";"0.02";"-0.0119611532064819";"0"
"50000";"Y = X^2 + epsilon";"5";"2";"0.1";"1";"1";"0.05";"0.0189158543318921";"0"
"50000";"Y = X^2 + epsilon";"5";"2";"0.1";"1";"1";"0.1";"0.0310309464877556";"0"
"50000";"Y = X^2 + epsilon";"5";"2";"0.1";"1";"1";"0.2";"0.111217494153518";"0"
"50000";"Y = X^2 + epsilon";"5";"2";"0.1";"1";"1";"0.5";"0.77894068228445";"0"
"50000";"Y = X^2 + epsilon";"5";"2";"0.1";"1";"1";"0.001";"0.0115055813812208";"0"
"50000";"Y = X^2 + epsilon";"5";"2";"0.1";"1";"1";"0.002";"0.0160574791999424";"0"
"50000";"Y = X^2 + epsilon";"5";"2";"0.1";"1";"1";"0.005";"-0.00293043324104225";"0"
"50000";"Y = X^2 + epsilon";"5";"2";"0.1";"1";"1";"0.01";"0.000638883998582029";"0"
"50000";"Y = X^2 + epsilon";"5";"2";"0.1";"1";"1";"0.02";"-0.00317397693875709";"0"
"50000";"Y = X^2 + epsilon";"5";"2";"0.1";"1";"1";"0.05";"0.000494860425353627";"0"
"50000";"Y = X^2 + epsilon";"5";"2";"0.1";"1";"1";"0.1";"0.0358824077508706";"0"
"50000";"Y = X^2 + epsilon";"5";"2";"0.1";"1";"1";"0.2";"0.125251056379668";"0"
"50000";"Y = X^2 + epsilon";"5";"2";"0.1";"1";"1";"0.5";"0.754902242717449";"0"
"50000";"Y = X^2 + epsilon";"5";"2";"0.1";"1";"1";"0.001";"0.0459955944554074";"0"
"50000";"Y = X^2 + epsilon";"5";"2";"0.1";"1";"1";"0.002";"0.0890738064710508";"0"
"50000";"Y = X^2 + epsilon";"5";"2";"0.1";"1";"1";"0.005";"0.00363054475592017";"0"
"50000";"Y = X^2 + epsilon";"5";"2";"0.1";"1";"1";"0.01";"0.0445774960860987";"0.0099999999802094"
"50000";"Y = X^2 + epsilon";"5";"2";"0.1";"1";"1";"0.02";"0.00897476992795143";"0"
"50000";"Y = X^2 + epsilon";"5";"2";"0.1";"1";"1";"0.05";"0.00279458217115858";"0"
"50000";"Y = X^2 + epsilon";"5";"2";"0.1";"1";"1";"0.1";"0.0231873880413829";"0"
"50000";"Y = X^2 + epsilon";"5";"2";"0.1";"1";"1";"0.2";"0.123338587444377";"0"
"50000";"Y = X^2 + epsilon";"5";"2";"0.1";"1";"1";"0.5";"0.764358312559116";"0"
"50000";"Y = X^2 + epsilon";"5";"2";"0.1";"1";"1";"0.001";"0.0200833319406679";"0"
"50000";"Y = X^2 + epsilon";"5";"2";"0.1";"1";"1";"0.002";"0.0325605942457032";"0"
"50000";"Y = X^2 + epsilon";"5";"2";"0.1";"1";"1";"0.005";"0.0183452657206848";"0"
"50000";"Y = X^2 + epsilon";"5";"2";"0.1";"1";"1";"0.01";"0.0121330945994191";"0"
"50000";"Y = X^2 + epsilon";"5";"2";"0.1";"1";"1";"0.02";"0.00177312410943786";"0"
"50000";"Y = X^2 + epsilon";"5";"2";"0.1";"1";"1";"0.05";"-0.00204660192964867";"0.0100000000093132"
"50000";"Y = X^2 + epsilon";"5";"2";"0.1";"1";"1";"0.1";"0.0251361103357235";"0"
"50000";"Y = X^2 + epsilon";"5";"2";"0.1";"1";"1";"0.2";"0.121200855395706";"0"
"50000";"Y = X^2 + epsilon";"5";"2";"0.1";"1";"1";"0.5";"0.784931682138528";"0"
"50000";"Y = X^2 + epsilon";"5";"2";"0.1";"1";"1";"0.001";"0.0170634693965843";"0"
"50000";"Y = X^2 + epsilon";"5";"2";"0.1";"1";"1";"0.002";"-0.0346417031205859";"0"
"50000";"Y = X^2 + epsilon";"5";"2";"0.1";"1";"1";"0.005";"0.0472103388616956";"0"
"50000";"Y = X^2 + epsilon";"5";"2";"0.1";"1";"1";"0.01";"-0.020575392933469";"0"
"50000";"Y = X^2 + epsilon";"5";"2";"0.1";"1";"1";"0.02";"0.0059342089877823";"0"
"50000";"Y = X^2 + epsilon";"5";"2";"0.1";"1";"1";"0.05";"0.0121726200280685";"0.0100000000093132"
"50000";"Y = X^2 + epsilon";"5";"2";"0.1";"1";"1";"0.1";"0.018330350301329";"0"
"50000";"Y = X^2 + epsilon";"5";"2";"0.1";"1";"1";"0.2";"0.125869820210456";"0"
"50000";"Y = X^2 + epsilon";"5";"2";"0.1";"1";"1";"0.5";"0.742899882647017";"0"
"50000";"Y = X^2 + epsilon";"5";"2";"0.1";"1";"1";"0.001";"0.0884068051083107";"0"
"50000";"Y = X^2 + epsilon";"5";"2";"0.1";"1";"1";"0.002";"-0.041430591134322";"0"
"50000";"Y = X^2 + epsilon";"5";"2";"0.1";"1";"1";"0.005";"0.0135076693508303";"0"
"50000";"Y = X^2 + epsilon";"5";"2";"0.1";"1";"1";"0.01";"0.0021441652930585";"0"
"50000";"Y = X^2 + epsilon";"5";"2";"0.1";"1";"1";"0.02";"0.00145267860122145";"0"
"50000";"Y = X^2 + epsilon";"5";"2";"0.1";"1";"1";"0.05";"0.0156653458108316";"0"
"50000";"Y = X^2 + epsilon";"5";"2";"0.1";"1";"1";"0.1";"0.0313514973847075";"0.0099999999802094"
"50000";"Y = X^2 + epsilon";"5";"2";"0.1";"1";"1";"0.2";"0.12843753197718";"0"
"50000";"Y = X^2 + epsilon";"5";"2";"0.1";"1";"1";"0.5";"0.77391828972997";"0"
"50000";"Y = X^2 + epsilon";"5";"2";"0.1";"1";"1";"0.001";"-0.0166078871758891";"0"
"50000";"Y = X^2 + epsilon";"5";"2";"0.1";"1";"1";"0.002";"0.00674719215773445";"0"
"50000";"Y = X^2 + epsilon";"5";"2";"0.1";"1";"1";"0.005";"0.0233689659786185";"0"
"50000";"Y = X^2 + epsilon";"5";"2";"0.1";"1";"1";"0.01";"-0.00227456597639264";"0"
"50000";"Y = X^2 + epsilon";"5";"2";"0.1";"1";"1";"0.02";"0.0143248295407976";"0.0199999999895226"
"50000";"Y = X^2 + epsilon";"5";"2";"0.1";"1";"1";"0.05";"0.0167098060602393";"0"
"50000";"Y = X^2 + epsilon";"5";"2";"0.1";"1";"1";"0.1";"0.0175100187919894";"0"
"50000";"Y = X^2 + epsilon";"5";"2";"0.1";"1";"1";"0.2";"0.127362161725012";"0"
"50000";"Y = X^2 + epsilon";"5";"2";"0.1";"1";"1";"0.5";"0.771985509699532";"0.0199999999895226"
"50000";"Y = X^2 + epsilon";"5";"2";"0.1";"1";"1";"0.001";"-0.00617982634860603";"0"
"50000";"Y = X^2 + epsilon";"5";"2";"0.1";"1";"1";"0.002";"0.00142212342028958";"0"
"50000";"Y = X^2 + epsilon";"5";"2";"0.1";"1";"1";"0.005";"-0.0127931245884673";"0"
"50000";"Y = X^2 + epsilon";"5";"2";"0.1";"1";"1";"0.01";"-0.00333634023124807";"0"
"50000";"Y = X^2 + epsilon";"5";"2";"0.1";"1";"1";"0.02";"0.00715911282152581";"0"
"50000";"Y = X^2 + epsilon";"5";"2";"0.1";"1";"1";"0.05";"-0.00142807284300317";"0"
"50000";"Y = X^2 + epsilon";"5";"2";"0.1";"1";"1";"0.1";"0.0252761631351082";"0"
"50000";"Y = X^2 + epsilon";"5";"2";"0.1";"1";"1";"0.2";"0.133803663387291";"0"
"50000";"Y = X^2 + epsilon";"5";"2";"0.1";"1";"1";"0.5";"0.770725594357581";"0"
"50000";"Y = X^2 + epsilon";"5";"2";"0.1";"1";"1";"0.001";"-0.012635123481316";"0"
"50000";"Y = X^2 + epsilon";"5";"2";"0.1";"1";"1";"0.002";"-0.0244814355665791";"0"
"50000";"Y = X^2 + epsilon";"5";"2";"0.1";"1";"1";"0.005";"-0.0495585079813915";"0"
"50000";"Y = X^2 + epsilon";"5";"2";"0.1";"1";"1";"0.01";"0.0132332497977319";"0.0200000000186265"
"50000";"Y = X^2 + epsilon";"5";"2";"0.1";"1";"1";"0.02";"-0.00576935131574541";"0.0199999999895226"
"50000";"Y = X^2 + epsilon";"5";"2";"0.1";"1";"1";"0.05";"0.00989770073858121";"0"
"50000";"Y = X^2 + epsilon";"5";"2";"0.1";"1";"1";"0.1";"0.0337266693465414";"0"
"50000";"Y = X^2 + epsilon";"5";"2";"0.1";"1";"1";"0.2";"0.132688706149303";"0"
"50000";"Y = X^2 + epsilon";"5";"2";"0.1";"1";"1";"0.5";"0.750414765923619";"0"
"50000";"Y = X^2 + epsilon";"5";"2";"0.1";"1";"1";"0.001";"0.0172502062462079";"0"
"50000";"Y = X^2 + epsilon";"5";"2";"0.1";"1";"1";"0.002";"-0.0115447724656326";"0"
"50000";"Y = X^2 + epsilon";"5";"2";"0.1";"1";"1";"0.005";"-0.025560286178021";"0"
"50000";"Y = X^2 + epsilon";"5";"2";"0.1";"1";"1";"0.01";"0.00924577983630348";"0"
"50000";"Y = X^2 + epsilon";"5";"2";"0.1";"1";"1";"0.02";"-0.0145839321035292";"0"
"50000";"Y = X^2 + epsilon";"5";"2";"0.1";"1";"1";"0.05";"0.018473803736101";"0.0199999999895226"
"50000";"Y = X^2 + epsilon";"5";"2";"0.1";"1";"1";"0.1";"0.0256878965154264";"0"
"50000";"Y = X^2 + epsilon";"5";"2";"0.1";"1";"1";"0.2";"0.122560195919523";"0.0099999999802094"
"50000";"Y = X^2 + epsilon";"5";"2";"0.1";"1";"1";"0.5";"0.745108847004235";"0.0200000000186265"
"50000";"Y = X^2 + epsilon";"5";"2";"0.1";"1";"1";"0.001";"-0.0895655701645627";"0"
"50000";"Y = X^2 + epsilon";"5";"2";"0.1";"1";"1";"0.002";"-0.0123511511203502";"0"
"50000";"Y = X^2 + epsilon";"5";"2";"0.1";"1";"1";"0.005";"0.00296079314493647";"0"
"50000";"Y = X^2 + epsilon";"5";"2";"0.1";"1";"1";"0.01";"-0.0157520689552227";"0"
"50000";"Y = X^2 + epsilon";"5";"2";"0.1";"1";"1";"0.02";"0.011988869036029";"0"
"50000";"Y = X^2 + epsilon";"5";"2";"0.1";"1";"1";"0.05";"0.0075408647923636";"0"
"50000";"Y = X^2 + epsilon";"5";"2";"0.1";"1";"1";"0.1";"0.0349192553456854";"0.0100000000093132"
"50000";"Y = X^2 + epsilon";"5";"2";"0.1";"1";"1";"0.2";"0.127538817199602";"0.0199999999895226"
"50000";"Y = X^2 + epsilon";"5";"2";"0.1";"1";"1";"0.5";"0.775301867865039";"0.0100000000093132"
"50000";"Y = X^2 + epsilon";"5";"2";"0.1";"1";"1";"0.001";"-0.0414477896127444";"0"
"50000";"Y = X^2 + epsilon";"5";"2";"0.1";"1";"1";"0.002";"0.0255970587760999";"0"
"50000";"Y = X^2 + epsilon";"5";"2";"0.1";"1";"1";"0.005";"0.0174372733109023";"0"
"50000";"Y = X^2 + epsilon";"5";"2";"0.1";"1";"1";"0.01";"-0.0168639545789711";"0"
"50000";"Y = X^2 + epsilon";"5";"2";"0.1";"1";"1";"0.02";"0.000320863648976433";"0"
"50000";"Y = X^2 + epsilon";"5";"2";"0.1";"1";"1";"0.05";"0.00691429069822669";"0"
"50000";"Y = X^2 + epsilon";"5";"2";"0.1";"1";"1";"0.1";"0.0311072034065059";"0.0200000000186265"
"50000";"Y = X^2 + epsilon";"5";"2";"0.1";"1";"1";"0.2";"0.117678806913951";"0.0099999999802094"
"50000";"Y = X^2 + epsilon";"5";"2";"0.1";"1";"1";"0.5";"0.75122543160228";"0.0200000000186265"
"50000";"Y = X^2 + epsilon";"5";"2";"0.1";"1";"1";"0.001";"0.094465609562226";"0"
"50000";"Y = X^2 + epsilon";"5";"2";"0.1";"1";"1";"0.002";"-0.0224668734180439";"0"
"50000";"Y = X^2 + epsilon";"5";"2";"0.1";"1";"1";"0.005";"-0.0482950564246786";"0"
"50000";"Y = X^2 + epsilon";"5";"2";"0.1";"1";"1";"0.01";"0.00662342004219063";"0"
"50000";"Y = X^2 + epsilon";"5";"2";"0.1";"1";"1";"0.02";"0.00723721477388461";"0"
"50000";"Y = X^2 + epsilon";"5";"2";"0.1";"1";"1";"0.05";"0.00703737591112774";"0"
"50000";"Y = X^2 + epsilon";"5";"2";"0.1";"1";"1";"0.1";"0.00667539940085171";"0.0100000000093132"
"50000";"Y = X^2 + epsilon";"5";"2";"0.1";"1";"1";"0.2";"0.134234732207235";"0"
"50000";"Y = X^2 + epsilon";"5";"2";"0.1";"1";"1";"0.5";"0.745722055699874";"0"
"50000";"Y = X^2 + epsilon";"5";"2";"0.1";"1";"1";"0.001";"0.0260456475651665";"0.0199999999895226"
"50000";"Y = X^2 + epsilon";"5";"2";"0.1";"1";"1";"0.002";"0.00444579040379001";"0"
"50000";"Y = X^2 + epsilon";"5";"2";"0.1";"1";"1";"0.005";"0.00172742189097264";"0"
"50000";"Y = X^2 + epsilon";"5";"2";"0.1";"1";"1";"0.01";"-0.00966279983710205";"0"
"50000";"Y = X^2 + epsilon";"5";"2";"0.1";"1";"1";"0.02";"0.00769295204826803";"0"
"50000";"Y = X^2 + epsilon";"5";"2";"0.1";"1";"1";"0.05";"0.00566999170729732";"0"
"50000";"Y = X^2 + epsilon";"5";"2";"0.1";"1";"1";"0.1";"0.0239568691197216";"0"
"50000";"Y = X^2 + epsilon";"5";"2";"0.1";"1";"1";"0.2";"0.12103602225249";"0"
"50000";"Y = X^2 + epsilon";"5";"2";"0.1";"1";"1";"0.5";"0.748039622825303";"0.0200000000186265"
"50000";"Y = X^2 + epsilon";"5";"2";"0.1";"1";"1";"0.001";"0.0214643553011";"0"
"50000";"Y = X^2 + epsilon";"5";"2";"0.1";"1";"1";"0.002";"0.0764258822914898";"0"
"50000";"Y = X^2 + epsilon";"5";"2";"0.1";"1";"1";"0.005";"0.00830297237310451";"0"
"50000";"Y = X^2 + epsilon";"5";"2";"0.1";"1";"1";"0.01";"-0.0205614499109832";"0"
"50000";"Y = X^2 + epsilon";"5";"2";"0.1";"1";"1";"0.02";"0.0120165850950116";"0"
"50000";"Y = X^2 + epsilon";"5";"2";"0.1";"1";"1";"0.05";"0.0151733253682709";"0"
"50000";"Y = X^2 + epsilon";"5";"2";"0.1";"1";"1";"0.1";"0.0199706863774378";"0"
"50000";"Y = X^2 + epsilon";"5";"2";"0.1";"1";"1";"0.2";"0.119349302953734";"0.0100000000093132"
"50000";"Y = X^2 + epsilon";"5";"2";"0.1";"1";"1";"0.5";"0.780036722188447";"0"
